2026-08-03,2026-08-03 09:30:00,NA,5904
2026-08-03,2026-08-03 10:00:00,NA,6169
2026-08-03,2026-08-03 10:30:00,NA,6324
2026-08-03,2026-08-03 11:00:00,NA,6445
2026-08-03,2026-08-03 11:30:00,NA,6618
2026-08-03,2026-08-03 12:00:00,NA,6794
2026-08-03,2026-08-03 12:30:00,NA,6884
2026-08-03,2026-08-03 13:00:00,NA,6803
2026-08-03,2026-08-03 13:30:00,NA,6565
2026-08-03,2026-08-03 14:00:00,NA,6401
2026-08-03,2026-08-03 14:30:00,NA,6303
2026-08-03,2026-08-03 15:00:00,NA,6330
2026-08-03,2026-08-03 15:30:00,NA,6503
2026-08-03,2026-08-03 16:00:00,NA,6684
2026-08-03,2026-08-03 16:30:00,NA,6829
2026-08-03,2026-08-03 17:00:00,NA,6922
2026-08-03,2026-08-03 17:30:00,NA,6992
2026-08-03,2026-08-03 18:00:00,NA,7040
2026-08-03,2026-08-03 18:30:00,NA,7057
2026-08-03,2026-08-03 19:00:00,NA,7222
2026-08-03,2026-08-03 19:30:00,NA,7443
2026-08-03,2026-08-03 20:00:00,NA,7657
2026-08-03,2026-08-03 20:30:00,NA,7778
2026-08-03,2026-08-03 21:00:00,NA,7794
2026-08-03,2026-08-03 21:30:00,NA,7728
2026-08-03,2026-08-03 22:00:00,NA,7620
2026-08-03,2026-08-03 22:30:00,NA,7486
2026-08-03,2026-08-03 23:00:00,NA,7324
2026-08-03,2026-08-03 23:30:00,NA,7133
2026-08-03,2026-08-04,NA,6943
2026-08-03,2026-08-04 00:30:00,NA,6767
2026-08-03,2026-08-04 01:00:00,NA,6609
2026-08-03,2026-08-04 01:30:00,NA,6481
2026-08-03,2026-08-04 02:00:00,NA,6363
2026-08-03,2026-08-04 02:30:00,NA,6273
2026-08-03,2026-08-04 03:00:00,NA,6228
2026-08-03,2026-08-04 03:30:00,NA,6250
2026-08-03,2026-08-04 04:00:00,NA,6297
2026-08-03,2026-08-04 04:30:00,NA,6352
2026-08-03,2026-08-04 05:00:00,NA,6428
2026-08-03,2026-08-04 05:30:00,NA,6517
2026-08-03,2026-08-04 06:00:00,NA,6569
2026-08-03,2026-08-04 06:30:00,NA,6585
2026-08-03,2026-08-04 07:00:00,NA,6545
2026-08-03,2026-08-04 07:30:00,NA,6461
2026-08-03,2026-08-04 08:00:00,NA,6358
2026-08-03,2026-08-04 08:30:00,NA,6258
2026-08-03,2026-08-04 09:00:00,NA,6166
2026-08-03,2026-08-04 09:30:00,NA,6102
2026-08-03,2026-08-04 10:00:00,NA,6032
2026-08-03,2026-08-04 10:30:00,NA,5952
2026-08-03,2026-08-04 11:00:00,NA,5892
2026-08-03,2026-08-04 11:30:00,NA,5862
2026-08-03,2026-08-04 12:00:00,NA,5890
2026-08-03,2026-08-04 12:30:00,NA,6011
2026-08-03,2026-08-04 13:00:00,NA,6135
2026-08-03,2026-08-04 13:30:00,NA,6277
2026-08-03,2026-08-04 14:00:00,NA,6469
2026-08-03,2026-08-04 14:30:00,NA,6717
2026-08-03,2026-08-04 15:00:00,NA,6979
2026-08-03,2026-08-04 15:30:00,NA,7256
2026-08-03,2026-08-04 16:00:00,NA,7472
2026-08-03,2026-08-04 16:30:00,NA,7658
2026-08-03,2026-08-04 17:00:00,NA,7805
2026-08-03,2026-08-04 17:30:00,NA,7919
2026-08-03,2026-08-04 18:00:00,NA,8034
2026-08-03,2026-08-04 18:30:00,NA,8156
2026-08-03,2026-08-04 19:00:00,NA,8304
2026-08-03,2026-08-04 19:30:00,NA,8515
2026-08-03,2026-08-04 20:00:00,NA,8699
2026-08-03,2026-08-04 20:30:00,NA,8851
2026-08-03,2026-08-04 21:00:00,NA,8954
2026-08-03,2026-08-04 21:30:00,NA,8976
2026-08-03,2026-08-04 22:00:00,NA,9019
2026-08-03,2026-08-04 22:30:00,NA,9075
2026-08-03,2026-08-04 23:00:00,NA,9084
2026-08-03,2026-08-04 23:30:00,21223,9021
2026-08-03,2026-08-05,21144,8980
2026-08-03,2026-08-05 00:30:00,20302,8972
2026-08-03,2026-08-05 01:00:00,20446,9003
2026-08-03,2026-08-05 01:30:00,19754,9086
2026-08-03,2026-08-05 02:00:00,19515,9179
2026-08-03,2026-08-05 02:30:00,19156,9301
2026-08-03,2026-08-05 03:00:00,18841,9447
2026-08-03,2026-08-05 03:30:00,18611,9627
2026-08-03,2026-08-05 04:00:00,18602,9814
2026-08-03,2026-08-05 04:30:00,18410,10026
2026-08-03,2026-08-05 05:00:00,18546,10194
2026-08-03,2026-08-05 05:30:00,20276,10339
2026-08-03,2026-08-05 06:00:00,20799,10456
2026-08-03,2026-08-05 06:30:00,21988,10547
2026-08-03,2026-08-05 07:00:00,22395,10624
2026-08-03,2026-08-05 07:30:00,23573,10725
2026-08-03,2026-08-05 08:00:00,23928,10819
2026-08-03,2026-08-05 08:30:00,24499,10924
2026-08-03,2026-08-05 09:00:00,23249,11030
2026-08-03,2026-08-05 09:30:00,22196,11117
2026-08-03,2026-08-05 10:00:00,21341,11223
2026-08-03,2026-08-05 10:30:00,21452,11337
2026-08-03,2026-08-05 11:00:00,20001,11498
2026-08-03,2026-08-05 11:30:00,19957,11692
2026-08-03,2026-08-05 12:00:00,19527,11876
2026-08-03,2026-08-05 12:30:00,19364,12018
2026-08-03,2026-08-05 13:00:00,19274,12182
2026-08-03,2026-08-05 13:30:00,19002,12354
2026-08-03,2026-08-05 14:00:00,18973,12498
2026-08-03,2026-08-05 14:30:00,19203,12635
2026-08-03,2026-08-05 15:00:00,19326,12749
2026-08-03,2026-08-05 15:30:00,19485,12865
2026-08-03,2026-08-05 16:00:00,20721,13036
2026-08-03,2026-08-05 16:30:00,22200,13189
2026-08-03,2026-08-05 17:00:00,23841,13338
2026-08-03,2026-08-05 17:30:00,24726,13430
2026-08-03,2026-08-05 18:00:00,25036,13591
2026-08-03,2026-08-05 18:30:00,25120,13777
2026-08-03,2026-08-05 19:00:00,25269,13935
2026-08-03,2026-08-05 19:30:00,25483,13999
2026-08-03,2026-08-05 20:00:00,25584,14117
2026-08-03,2026-08-05 20:30:00,26103,14263
2026-08-03,2026-08-05 21:00:00,25824,14383
2026-08-03,2026-08-05 21:30:00,24562,14515
2026-08-03,2026-08-05 22:00:00,23236,14577
2026-08-03,2026-08-05 22:30:00,21907,14579
2026-08-03,2026-08-05 23:00:00,21016,14522
2026-08-03,2026-08-05 23:30:00,20249,14422
2026-08-03,2026-08-06,21300,14318
2026-08-03,2026-08-06 00:30:00,19430,14211
2026-08-03,2026-08-06 01:00:00,19615,14094
2026-08-03,2026-08-06 01:30:00,18965,13966
2026-08-03,2026-08-06 02:00:00,18765,13807
2026-08-03,2026-08-06 02:30:00,18452,13606
2026-08-03,2026-08-06 03:00:00,18191,13405
2026-08-03,2026-08-06 03:30:00,18022,13170
2026-08-03,2026-08-06 04:00:00,18080,12940
2026-08-03,2026-08-06 04:30:00,17971,12725
2026-08-03,2026-08-06 05:00:00,18190,12464
2026-08-03,2026-08-06 05:30:00,20018,12142
2026-08-03,2026-08-06 06:00:00,20650,11766
2026-08-03,2026-08-06 06:30:00,21939,11328
2026-08-03,2026-08-06 07:00:00,22379,10897
2026-08-03,2026-08-06 07:30:00,23646,10459
2026-08-03,2026-08-06 08:00:00,24156,10032
2026-08-03,2026-08-06 08:30:00,24881,9644
2026-08-03,2026-08-06 09:00:00,23909,9265
2026-08-03,2026-08-06 09:30:00,23146,8928
2026-08-03,2026-08-06 10:00:00,22630,8609
2026-08-03,2026-08-06 10:30:00,23090,8288
2026-08-03,2026-08-06 11:00:00,22057,7981
2026-08-03,2026-08-06 11:30:00,22409,7708
2026-08-03,2026-08-06 12:00:00,22251,7423
2026-08-03,2026-08-06 12:30:00,22341,7148
2026-08-03,2026-08-06 13:00:00,22388,7000
2026-08-03,2026-08-06 13:30:00,22227,6758
2026-08-03,2026-08-06 14:00:00,22297,6527
2026-08-03,2026-08-06 14:30:00,22595,6307
2026-08-03,2026-08-06 15:00:00,22636,6065
2026-08-03,2026-08-06 15:30:00,22722,5800
2026-08-03,2026-08-06 16:00:00,23803,5477
2026-08-03,2026-08-06 16:30:00,25084,5112
2026-08-03,2026-08-06 17:00:00,26432,4758
2026-08-03,2026-08-06 17:30:00,27169,4433
2026-08-03,2026-08-06 18:00:00,27372,4096
2026-08-03,2026-08-06 18:30:00,27372,3764
2026-08-03,2026-08-06 19:00:00,27461,3514
2026-08-03,2026-08-06 19:30:00,27494,3328
2026-08-03,2026-08-06 20:00:00,27541,3228
2026-08-03,2026-08-06 20:30:00,27997,3205
2026-08-03,2026-08-06 21:00:00,27679,3123
2026-08-03,2026-08-06 21:30:00,26388,2977
2026-08-03,2026-08-06 22:00:00,25052,2870
2026-08-03,2026-08-06 22:30:00,23704,2800
2026-08-03,2026-08-06 23:00:00,22781,2767
2026-08-03,2026-08-06 23:30:00,22070,2794
2026-08-03,2026-08-07,21784,2798
2026-08-03,2026-08-07 00:30:00,21326,2736
2026-08-03,2026-08-07 01:00:00,21340,2712
2026-08-03,2026-08-07 01:30:00,20875,2711
2026-08-03,2026-08-07 02:00:00,20243,2750
2026-08-03,2026-08-07 02:30:00,19919,2824
2026-08-03,2026-08-07 03:00:00,19935,2835
2026-08-03,2026-08-07 03:30:00,19510,2776
2026-08-03,2026-08-07 04:00:00,19646,2733
2026-08-03,2026-08-07 04:30:00,19575,2724
2026-08-03,2026-08-07 05:00:00,19512,2723
2026-08-03,2026-08-07 05:30:00,20518,2752
2026-08-03,2026-08-07 06:00:00,21388,2735
2026-08-03,2026-08-07 06:30:00,22714,2663
2026-08-03,2026-08-07 07:00:00,23447,2633
2026-08-03,2026-08-07 07:30:00,24204,2627
2026-08-03,2026-08-07 08:00:00,24447,2659
2026-08-03,2026-08-07 08:30:00,23833,2714
2026-08-03,2026-08-07 09:00:00,23076,2731
2026-08-03,2026-08-07 09:30:00,22469,2709
2026-08-03,2026-08-07 10:00:00,22521,2718
2026-08-03,2026-08-07 10:30:00,22603,2762
2026-08-03,2026-08-07 11:00:00,21884,2839
2026-08-03,2026-08-07 11:30:00,21911,2937
2026-08-03,2026-08-07 12:00:00,21895,3009
2026-08-03,2026-08-07 12:30:00,21886,3027
2026-08-03,2026-08-07 13:00:00,21833,3079
2026-08-03,2026-08-07 13:30:00,21410,3143
2026-08-03,2026-08-07 14:00:00,21273,3246
2026-08-03,2026-08-07 14:30:00,21180,3388
2026-08-03,2026-08-07 15:00:00,21273,3449
2026-08-03,2026-08-07 15:30:00,21879,3438
2026-08-03,2026-08-07 16:00:00,22583,3461
2026-08-03,2026-08-07 16:30:00,23911,3529
2026-08-03,2026-08-07 17:00:00,25347,3654
2026-08-03,2026-08-07 17:30:00,26070,3813
2026-08-03,2026-08-07 18:00:00,26510,3906
2026-08-03,2026-08-07 18:30:00,26609,3934
2026-08-03,2026-08-07 19:00:00,26542,4006
2026-08-03,2026-08-07 19:30:00,26445,4118
2026-08-03,2026-08-07 20:00:00,26389,4279
2026-08-03,2026-08-07 20:30:00,26306,4479
2026-08-03,2026-08-07 21:00:00,26521,4594
2026-08-03,2026-08-07 21:30:00,25592,4622
2026-08-03,2026-08-07 22:00:00,24495,4696
2026-08-03,2026-08-07 22:30:00,23289,4823
2026-08-03,2026-08-07 23:00:00,22286,4992
2026-08-03,2026-08-07 23:30:00,21586,5224
2026-08-03,2026-08-08,21447,5312
2026-08-03,2026-08-08 00:30:00,20663,5244
2026-08-03,2026-08-08 01:00:00,20561,5237
2026-08-03,2026-08-08 01:30:00,19942,5261
2026-08-03,2026-08-08 02:00:00,19550,5334
2026-08-03,2026-08-08 02:30:00,19184,5453
2026-08-03,2026-08-08 03:00:00,18746,5495
2026-08-03,2026-08-08 03:30:00,18652,5477
2026-08-03,2026-08-08 04:00:00,18603,5497
2026-08-03,2026-08-08 04:30:00,18193,5547
2026-08-03,2026-08-08 05:00:00,17766,5633
2026-08-03,2026-08-08 05:30:00,18461,5759
2026-08-03,2026-08-08 06:00:00,18920,5842
2026-08-03,2026-08-08 06:30:00,18716,5894
2026-08-03,2026-08-08 07:00:00,18741,5985
2026-08-03,2026-08-08 07:30:00,19424,6097
2026-08-03,2026-08-08 08:00:00,19663,6241
2026-08-03,2026-08-08 08:30:00,19382,6415
2026-08-03,2026-08-08 09:00:00,18569,6554
2026-08-03,2026-08-08 09:30:00,17450,6653
2026-08-03,2026-08-08 10:00:00,17350,6796
2026-08-03,2026-08-08 10:30:00,17374,6976
2026-08-03,2026-08-08 11:00:00,17046,7194
2026-08-03,2026-08-08 11:30:00,16793,7438
2026-08-03,2026-08-08 12:00:00,16833,7156
2026-08-03,2026-08-08 12:30:00,16984,7150
2026-08-03,2026-08-08 13:00:00,17354,7402
2026-08-03,2026-08-08 13:30:00,17065,7502
2026-08-03,2026-08-08 14:00:00,16929,7661
2026-08-03,2026-08-08 14:30:00,16962,7872
2026-08-03,2026-08-08 15:00:00,17515,7928
2026-08-03,2026-08-08 15:30:00,18252,7832
2026-08-03,2026-08-08 16:00:00,18989,7801
2026-08-03,2026-08-08 16:30:00,20672,7822
2026-08-03,2026-08-08 17:00:00,21770,7916
2026-08-03,2026-08-08 17:30:00,22890,8078
2026-08-03,2026-08-08 18:00:00,22853,8076
2026-08-03,2026-08-08 18:30:00,22959,7930
2026-08-03,2026-08-08 19:00:00,22771,7829
2026-08-03,2026-08-08 19:30:00,22894,7811
2026-08-03,2026-08-08 20:00:00,23352,7863
2026-08-03,2026-08-08 20:30:00,23930,7974
2026-08-03,2026-08-08 21:00:00,23592,7893
2026-08-03,2026-08-08 21:30:00,23577,7635
2026-08-03,2026-08-08 22:00:00,22796,7441
2026-08-03,2026-08-08 22:30:00,21781,7327
2026-08-03,2026-08-08 23:00:00,20924,7277
2026-08-03,2026-08-08 23:30:00,20456,7307
2026-08-03,2026-08-09,20537,7223
2026-08-03,2026-08-09 00:30:00,19752,6973
2026-08-03,2026-08-09 01:00:00,19489,6753
2026-08-03,2026-08-09 01:30:00,19167,6562
2026-08-03,2026-08-09 02:00:00,18473,6402
2026-08-03,2026-08-09 02:30:00,18206,6276
2026-08-03,2026-08-09 03:00:00,17853,6177
2026-08-03,2026-08-09 03:30:00,17801,6108
2026-08-03,2026-08-09 04:00:00,17584,6066
2026-08-03,2026-08-09 04:30:00,17311,6063
2026-08-03,2026-08-09 05:00:00,16845,6092
2026-08-03,2026-08-09 05:30:00,17009,6152
2026-08-03,2026-08-09 06:00:00,16987,6101
2026-08-03,2026-08-09 06:30:00,17380,5942
2026-08-03,2026-08-09 07:00:00,17810,5819
2026-08-03,2026-08-09 07:30:00,17885,5714
2026-08-03,2026-08-09 08:00:00,18049,5647
2026-08-03,2026-08-09 08:30:00,18008,5609
2026-08-03,2026-08-09 09:00:00,18104,5596
2026-08-03,2026-08-09 09:30:00,17688,5609
2026-08-03,2026-08-09 10:00:00,17236,5656
2026-08-03,2026-08-09 10:30:00,16866,5732
2026-08-03,2026-08-09 11:00:00,16834,5834
2026-08-03,2026-08-09 11:30:00,16848,5959
2026-08-03,2026-08-09 12:00:00,16876,5951
2026-08-03,2026-08-09 12:30:00,17367,5800
2026-08-03,2026-08-09 13:00:00,17175,5676
2026-08-03,2026-08-09 13:30:00,17292,5597
2026-08-03,2026-08-09 14:00:00,17282,5555
2026-08-03,2026-08-09 14:30:00,17398,5553
2026-08-03,2026-08-09 15:00:00,17948,5603
2026-08-03,2026-08-09 15:30:00,18804,5698
2026-08-03,2026-08-09 16:00:00,19936,5814
2026-08-03,2026-08-09 16:30:00,21691,5977
2026-08-03,2026-08-09 17:00:00,23125,6180
2026-08-03,2026-08-09 17:30:00,24637,6425
2026-08-03,2026-08-09 18:00:00,25235,6439
2026-08-03,2026-08-09 18:30:00,24985,6241
2026-08-03,2026-08-09 19:00:00,24905,6091
2026-08-03,2026-08-09 19:30:00,24681,5992
2026-08-03,2026-08-09 20:00:00,24686,5926
2026-08-03,2026-08-09 20:30:00,25032,5921
2026-08-03,2026-08-09 21:00:00,24527,5950
2026-08-03,2026-08-09 21:30:00,23352,6041
2026-08-03,2026-08-09 22:00:00,22569,6172
2026-08-03,2026-08-09 22:30:00,21498,6352
2026-08-03,2026-08-09 23:00:00,20790,6582
2026-08-03,2026-08-09 23:30:00,20371,6861
2026-08-03,2026-08-10,20441,6914
2026-08-03,2026-08-10 00:30:00,19827,6702
2026-08-03,2026-08-10 01:00:00,19769,6527
2026-08-03,2026-08-10 01:30:00,19704,6370
2026-08-03,2026-08-10 02:00:00,19100,6255
2026-08-03,2026-08-10 02:30:00,18895,6173
2026-08-03,2026-08-10 03:00:00,18932,6118
2026-08-03,2026-08-10 03:30:00,18181,6104
2026-08-03,2026-08-10 04:00:00,18094,6125
2026-08-03,2026-08-10 04:30:00,18472,6175
2026-08-03,2026-08-10 05:00:00,18880,6258
2026-08-03,2026-08-10 05:30:00,20092,6377
2026-08-03,2026-08-10 06:00:00,21381,6355
2026-08-03,2026-08-10 06:30:00,23298,6127
2026-08-03,2026-08-10 07:00:00,23789,5982
2026-08-03,2026-08-10 07:30:00,24833,5919
2026-08-03,2026-08-10 08:00:00,24521,5838
2026-08-03,2026-08-10 08:30:00,24280,5777
2026-08-03,2026-08-10 09:00:00,23507,5583
2026-08-03,2026-08-10 09:30:00,22855,5589
2026-08-03,2026-08-10 10:00:00,22355,5617
2026-08-03,2026-08-10 10:30:00,22116,5680
2026-08-03,2026-08-10 11:00:00,22111,5826
2026-08-03,2026-08-10 11:30:00,21830,5947
2026-08-03,2026-08-10 12:00:00,21643,5925
2026-08-03,2026-08-10 12:30:00,21276,5791
2026-08-03,2026-08-10 13:00:00,21369,5664
2026-08-03,2026-08-10 13:30:00,21401,5583
2026-08-03,2026-08-10 14:00:00,21593,5531
2026-08-03,2026-08-10 14:30:00,21946,5509
2026-08-03,2026-08-10 15:00:00,22062,5520
2026-08-03,2026-08-10 15:30:00,23217,5560
2026-08-03,2026-08-10 16:00:00,24576,5635
2026-08-03,2026-08-10 16:30:00,25803,5739
2026-08-03,2026-08-10 17:00:00,27001,5875
2026-08-03,2026-08-10 17:30:00,27230,6038
2026-08-03,2026-08-10 18:00:00,27458,6022
2026-08-03,2026-08-10 18:30:00,27086,5822
2026-08-03,2026-08-10 19:00:00,27297,5654
2026-08-03,2026-08-10 19:30:00,27747,5524
2026-08-03,2026-08-10 20:00:00,27265,5449
2026-08-03,2026-08-10 20:30:00,27571,5405
2026-08-03,2026-08-10 21:00:00,26889,5404
2026-08-03,2026-08-10 21:30:00,25451,5445
2026-08-03,2026-08-10 22:00:00,24390,5537
2026-08-03,2026-08-10 22:30:00,23056,5682
2026-08-03,2026-08-10 23:00:00,22275,5857
2026-08-03,2026-08-10 23:30:00,21932,6068
2026-08-03,2026-08-11,21791,6096
2026-08-03,2026-08-11 00:30:00,21274,5922
2026-08-03,2026-08-11 01:00:00,21191,5767
2026-08-03,2026-08-11 01:30:00,21004,5639
2026-08-03,2026-08-11 02:00:00,20651,5527
2026-08-03,2026-08-11 02:30:00,20135,5428
2026-08-03,2026-08-11 03:00:00,19670,5356
2026-08-03,2026-08-11 03:30:00,19356,5305
2026-08-03,2026-08-11 04:00:00,19247,5278
2026-08-03,2026-08-11 04:30:00,19496,5271
2026-08-03,2026-08-11 05:00:00,19574,5271
2026-08-03,2026-08-11 05:30:00,21051,5307
2026-08-03,2026-08-11 06:00:00,21918,5229
2026-08-03,2026-08-11 06:30:00,23394,5048
2026-08-03,2026-08-11 07:00:00,24064,4890
2026-08-03,2026-08-11 07:30:00,25305,4758
2026-08-03,2026-08-11 08:00:00,25432,4643
2026-08-03,2026-08-11 08:30:00,24987,4558
2026-08-03,2026-08-11 09:00:00,24425,4463
2026-08-03,2026-08-11 09:30:00,23876,4424
2026-08-03,2026-08-11 10:00:00,23282,4415
2026-08-03,2026-08-11 10:30:00,22981,4425
2026-08-03,2026-08-11 11:00:00,22693,4456
2026-08-03,2026-08-11 11:30:00,22520,4504
2026-08-03,2026-08-11 12:00:00,22365,4460
2026-08-03,2026-08-11 12:30:00,22302,4298
2026-08-03,2026-08-11 13:00:00,22332,4163
2026-08-03,2026-08-11 13:30:00,22408,4080
2026-08-03,2026-08-11 14:00:00,22526,4017
2026-08-03,2026-08-11 14:30:00,22990,3997
2026-08-03,2026-08-11 15:00:00,23511,3904
2026-08-03,2026-08-11 15:30:00,23491,3946
2026-08-03,2026-08-11 16:00:00,25472,4273
2026-08-03,2026-08-11 16:30:00,26189,4392
2026-08-03,2026-08-11 17:00:00,27086,4560
2026-08-03,2026-08-11 17:30:00,27363,4747
2026-08-03,2026-08-11 18:00:00,28031,4732
2026-08-03,2026-08-11 18:30:00,28348,4517
2026-08-03,2026-08-11 19:00:00,28168,4356
2026-08-03,2026-08-11 19:30:00,28085,4226
2026-08-03,2026-08-11 20:00:00,28234,4157
2026-08-03,2026-08-11 20:30:00,28167,4124
2026-08-03,2026-08-11 21:00:00,27274,4125
2026-08-03,2026-08-11 21:30:00,26176,4181
2026-08-03,2026-08-11 22:00:00,25334,4270
2026-08-03,2026-08-11 22:30:00,24283,4409
2026-08-03,2026-08-11 23:00:00,22641,4594
2026-08-03,2026-08-11 23:30:00,22284,4830
2026-08-03,2026-08-12,21910,4854
2026-08-03,2026-08-12 00:30:00,21436,4659
2026-08-03,2026-08-12 01:00:00,21272,4502
2026-08-03,2026-08-12 01:30:00,21072,4364
2026-08-03,2026-08-12 02:00:00,20706,4256
2026-08-03,2026-08-12 02:30:00,20177,4176
2026-08-03,2026-08-12 03:00:00,19699,4119
2026-08-03,2026-08-12 03:30:00,19372,4084
2026-08-03,2026-08-12 04:00:00,19249,4089
2026-08-03,2026-08-12 04:30:00,19492,4114
2026-08-03,2026-08-12 05:00:00,19563,4172
2026-08-03,2026-08-12 05:30:00,21034,4244
2026-08-03,2026-08-12 06:00:00,21899,4201
2026-08-03,2026-08-12 06:30:00,23379,4013
2026-08-03,2026-08-12 07:00:00,24058,3864
2026-08-03,2026-08-12 07:30:00,25312,3743
2026-08-03,2026-08-12 08:00:00,25447,3646
2026-08-03,2026-08-12 08:30:00,25011,3577
2026-08-03,2026-08-12 09:00:00,24457,3536
2026-08-03,2026-08-12 09:30:00,23916,3531
2026-08-03,2026-08-12 10:00:00,23330,3539
2026-08-03,2026-08-12 10:30:00,23042,3571
2026-08-03,2026-08-12 11:00:00,22761,3626
2026-08-03,2026-08-12 11:30:00,22603,3725
2026-08-03,2026-08-12 12:00:00,22463,3716
2026-08-03,2026-08-12 12:30:00,22404,3617
2026-08-03,2026-08-12 13:00:00,22427,3540
2026-08-03,2026-08-12 13:30:00,22499,3509
2026-08-03,2026-08-12 14:00:00,22609,3503
2026-08-03,2026-08-12 14:30:00,23067,3521
2026-08-03,2026-08-12 15:00:00,23584,3569
2026-08-03,2026-08-12 15:30:00,23558,3656
2026-08-03,2026-08-12 16:00:00,25543,3774
2026-08-03,2026-08-12 16:30:00,26258,3915
2026-08-03,2026-08-12 17:00:00,27150,4101
2026-08-03,2026-08-12 17:30:00,27424,4310
2026-08-03,2026-08-12 18:00:00,28084,4329
2026-08-03,2026-08-12 18:30:00,28400,4145
2026-08-03,2026-08-12 19:00:00,28223,3998
2026-08-03,2026-08-12 19:30:00,28139,3902
2026-08-03,2026-08-12 20:00:00,28285,3844
2026-08-03,2026-08-12 20:30:00,28215,3816
2026-08-03,2026-08-12 21:00:00,27322,3833
2026-08-03,2026-08-12 21:30:00,26222,3895
2026-08-03,2026-08-12 22:00:00,25379,4010
2026-08-03,2026-08-12 22:30:00,24330,4158
2026-08-03,2026-08-12 23:00:00,22689,4366
2026-08-03,2026-08-12 23:30:00,22345,4618
2026-08-03,2026-08-13,21895,4654
2026-08-03,2026-08-13 00:30:00,21506,4462
2026-08-03,2026-08-13 01:00:00,21343,4297
2026-08-03,2026-08-13 01:30:00,21147,4174
2026-08-03,2026-08-13 02:00:00,20784,4083
2026-08-03,2026-08-13 02:30:00,20257,4023
2026-08-03,2026-08-13 03:00:00,19782,4004
2026-08-03,2026-08-13 03:30:00,19456,4007
2026-08-03,2026-08-13 04:00:00,19335,4059
2026-08-03,2026-08-13 04:30:00,19576,4146
2026-08-03,2026-08-13 05:00:00,19649,4252
2026-08-03,2026-08-13 05:30:00,21122,4391
2026-08-03,2026-08-13 06:00:00,21991,4391
2026-08-03,2026-08-13 06:30:00,23481,4244
2026-08-03,2026-08-13 07:00:00,24168,4125
2026-08-03,2026-08-13 07:30:00,25425,4016
2026-08-03,2026-08-13 08:00:00,25565,3925
2026-08-03,2026-08-13 08:30:00,25131,3882
2026-08-03,2026-08-13 09:00:00,24578,3859
2026-08-03,2026-08-13 09:30:00,23230,3867
2026-08-03,2026-08-13 10:00:00,22603,3905
2026-08-03,2026-08-13 10:30:00,22286,3968
2026-08-03,2026-08-13 11:00:00,21982,4072
2026-08-03,2026-08-13 11:30:00,21814,4180
2026-08-03,2026-08-13 12:00:00,21661,4185
2026-08-03,2026-08-13 12:30:00,21577,4083
2026-08-03,2026-08-13 13:00:00,21543,4024
2026-08-03,2026-08-13 13:30:00,21582,3991
2026-08-03,2026-08-13 14:00:00,21662,3998
2026-08-03,2026-08-13 14:30:00,22110,4038
2026-08-03,2026-08-13 15:00:00,22612,4110
2026-08-03,2026-08-13 15:30:00,22612,4218
2026-08-03,2026-08-13 16:00:00,24500,4361
2026-08-03,2026-08-13 16:30:00,25291,4535
2026-08-03,2026-08-13 17:00:00,26273,4742
2026-08-03,2026-08-13 17:30:00,26652,5011
2026-08-03,2026-08-13 18:00:00,27436,5014
2026-08-03,2026-08-13 18:30:00,27823,4762
2026-08-03,2026-08-13 19:00:00,27698,4544
2026-08-03,2026-08-13 19:30:00,27642,4382
2026-08-03,2026-08-13 20:00:00,27806,4271
2026-08-03,2026-08-13 20:30:00,27729,4204
2026-08-03,2026-08-13 21:00:00,26841,4183
2026-08-03,2026-08-13 21:30:00,25739,4208
2026-08-03,2026-08-13 22:00:00,24903,4277
2026-08-03,2026-08-13 22:30:00,23859,4387
2026-08-03,2026-08-13 23:00:00,22235,4564
2026-08-03,2026-08-13 23:30:00,21936,4816
2026-08-03,2026-08-14,21817,4889
2026-08-03,2026-08-14 00:30:00,21221,4764
2026-08-03,2026-08-14 01:00:00,20951,4662
2026-08-03,2026-08-14 01:30:00,20302,4592
2026-08-03,2026-08-14 02:00:00,19839,4536
2026-08-03,2026-08-14 02:30:00,19494,4517
2026-08-03,2026-08-14 03:00:00,19120,4518
2026-08-03,2026-08-14 03:30:00,19064,4544
2026-08-03,2026-08-14 04:00:00,18888,4593
2026-08-03,2026-08-14 04:30:00,19149,4661
2026-08-03,2026-08-14 05:00:00,19191,4755
2026-08-03,2026-08-14 05:30:00,20589,4877
2026-08-03,2026-08-14 06:00:00,21555,4860
2026-08-03,2026-08-14 06:30:00,23161,4703
2026-08-03,2026-08-14 07:00:00,24020,4581
2026-08-03,2026-08-14 07:30:00,24810,4464
2026-08-03,2026-08-14 08:00:00,24668,4387
2026-08-03,2026-08-14 08:30:00,24368,4319
2026-08-03,2026-08-14 09:00:00,23793,4264
2026-08-03,2026-08-14 09:30:00,23189,4227
2026-08-03,2026-08-14 10:00:00,22576,4216
2026-08-03,2026-08-14 10:30:00,22200,4221
2026-08-03,2026-08-14 11:00:00,22015,4241
2026-08-03,2026-08-14 11:30:00,21894,4285
2026-08-03,2026-08-14 12:00:00,21517,4273
2026-08-03,2026-08-14 12:30:00,21260,4220
2026-08-03,2026-08-14 13:00:00,20663,4188
2026-08-03,2026-08-14 13:30:00,20882,4190
2026-08-03,2026-08-14 14:00:00,20825,4199
2026-08-03,2026-08-14 14:30:00,20666,4239
2026-08-03,2026-08-14 15:00:00,20670,4292
2026-08-03,2026-08-14 15:30:00,21770,4347
2026-08-03,2026-08-14 16:00:00,23010,4453
2026-08-03,2026-08-14 16:30:00,23951,4601
2026-08-03,2026-08-14 17:00:00,25301,4766
2026-08-03,2026-08-14 17:30:00,25581,4930
2026-08-03,2026-08-14 18:00:00,26248,4914
2026-08-03,2026-08-14 18:30:00,26366,4718
2026-08-03,2026-08-14 19:00:00,26000,4563
2026-08-03,2026-08-14 19:30:00,26048,4446
2026-08-03,2026-08-14 20:00:00,26574,4348
2026-08-03,2026-08-14 20:30:00,26215,4286
2026-08-03,2026-08-14 21:00:00,25981,4245
2026-08-03,2026-08-14 21:30:00,25305,4236
2026-08-03,2026-08-14 22:00:00,24045,4256
2026-08-03,2026-08-14 22:30:00,22788,4315
2026-08-03,2026-08-14 23:00:00,21916,4406
2026-08-03,2026-08-14 23:30:00,21604,4531
2026-08-03,2026-08-15,21167,4551
2026-08-03,2026-08-15 00:30:00,20803,4444
2026-08-03,2026-08-15 01:00:00,20480,4350
2026-08-03,2026-08-15 01:30:00,20076,4291
2026-08-03,2026-08-15 02:00:00,19348,4236
2026-08-03,2026-08-15 02:30:00,18973,4197
2026-08-03,2026-08-15 03:00:00,18626,4176
2026-08-03,2026-08-15 03:30:00,18109,4176
2026-08-03,2026-08-15 04:00:00,18162,4189
2026-08-03,2026-08-15 04:30:00,17992,4210
2026-08-03,2026-08-15 05:00:00,17774,4254
2026-08-03,2026-08-15 05:30:00,18439,4327
2026-08-03,2026-08-15 06:00:00,19057,4282
2026-08-03,2026-08-15 06:30:00,20091,4132
2026-08-03,2026-08-15 07:00:00,20400,4000
2026-08-03,2026-08-15 07:30:00,20527,3897
2026-08-03,2026-08-15 08:00:00,20293,3762
2026-08-03,2026-08-15 08:30:00,20104,3694
2026-08-03,2026-08-15 09:00:00,19683,3656
2026-08-03,2026-08-15 09:30:00,19299,3625
2026-08-03,2026-08-15 10:00:00,19075,3633
2026-08-03,2026-08-15 10:30:00,18255,3642
2026-08-03,2026-08-15 11:00:00,17879,3683
2026-08-03,2026-08-15 11:30:00,17851,3733
2026-08-03,2026-08-15 12:00:00,17427,3740
2026-08-03,2026-08-15 12:30:00,17442,3702
2026-08-03,2026-08-15 13:00:00,17145,3686
2026-08-03,2026-08-15 13:30:00,17399,3694
2026-08-03,2026-08-15 14:00:00,17180,3712
2026-08-03,2026-08-15 14:30:00,17456,3753
2026-08-03,2026-08-15 15:00:00,17507,3819
2026-08-03,2026-08-15 15:30:00,18560,3898
2026-08-03,2026-08-15 16:00:00,19710,3980
2026-08-03,2026-08-15 16:30:00,21458,4092
2026-08-03,2026-08-15 17:00:00,23038,4226
2026-08-03,2026-08-15 17:30:00,23756,4380
2026-08-03,2026-08-15 18:00:00,24355,4386
2026-08-03,2026-08-15 18:30:00,24264,4237
2026-08-03,2026-08-15 19:00:00,24387,4127
2026-08-03,2026-08-15 19:30:00,24339,4041
2026-08-03,2026-08-15 20:00:00,24590,3991
2026-08-03,2026-08-15 20:30:00,24410,3969
2026-08-03,2026-08-15 21:00:00,24163,3982
2026-08-03,2026-08-15 21:30:00,23761,4013
2026-08-03,2026-08-15 22:00:00,22759,4075
2026-08-03,2026-08-15 22:30:00,21776,4162
2026-08-03,2026-08-15 23:00:00,21046,4290
2026-08-03,2026-08-15 23:30:00,20872,4461
2026-08-03,2026-08-16,20545,4477
2026-08-03,2026-08-16 00:30:00,20020,4331
2026-08-03,2026-08-16 01:00:00,19748,4215
2026-08-03,2026-08-16 01:30:00,19403,4122
2026-08-03,2026-08-16 02:00:00,18783,4045
2026-08-03,2026-08-16 02:30:00,18245,4004
2026-08-03,2026-08-16 03:00:00,17772,3981
2026-08-03,2026-08-16 03:30:00,17527,3980
2026-08-03,2026-08-16 04:00:00,17368,4009
2026-08-03,2026-08-16 04:30:00,17219,4051
2026-08-03,2026-08-16 05:00:00,16931,4124
2026-08-03,2026-08-16 05:30:00,16953,4216
2026-08-03,2026-08-16 06:00:00,17151,4200
2026-08-03,2026-08-16 06:30:00,17771,4072
2026-08-03,2026-08-16 07:00:00,17755,3978
2026-08-03,2026-08-16 07:30:00,18114,3906
2026-08-03,2026-08-16 08:00:00,17798,3852
2026-08-03,2026-08-16 08:30:00,17950,3831
2026-08-03,2026-08-16 09:00:00,17785,3825
2026-08-03,2026-08-16 09:30:00,17229,3840
2026-08-03,2026-08-16 10:00:00,16833,3867
2026-08-03,2026-08-16 10:30:00,16916,3934
2026-08-03,2026-08-16 11:00:00,17200,4008
2026-08-03,2026-08-16 11:30:00,17781,4090
2026-08-03,2026-08-16 12:00:00,17533,4112
2026-08-03,2026-08-16 12:30:00,17280,4061
2026-08-03,2026-08-16 13:00:00,17075,4036
2026-08-03,2026-08-16 13:30:00,17015,4032
2026-08-03,2026-08-16 14:00:00,17267,4064
2026-08-03,2026-08-16 14:30:00,17563,4120
2026-08-03,2026-08-16 15:00:00,18189,4203
2026-08-03,2026-08-16 15:30:00,19765,4324
2026-08-03,2026-08-16 16:00:00,21139,4463
2026-08-03,2026-08-16 16:30:00,22124,4633
2026-08-03,2026-08-16 17:00:00,23738,4812
2026-08-03,2026-08-16 17:30:00,25006,5028
2026-08-03,2026-08-16 18:00:00,25233,5054
2026-08-03,2026-08-16 18:30:00,25019,4919
2026-08-03,2026-08-16 19:00:00,24957,4815
2026-08-03,2026-08-16 19:30:00,24721,4758
2026-08-03,2026-08-16 20:00:00,25303,4748
2026-08-03,2026-08-16 20:30:00,25387,4768
2026-08-03,2026-08-16 21:00:00,24854,4818
2026-08-03,2026-08-16 21:30:00,23536,4909
2026-08-03,2026-08-16 22:00:00,23074,5036
2026-08-03,2026-08-16 22:30:00,21491,5213
2026-08-03,2026-08-16 23:00:00,20843,5426
2026-08-03,2026-08-16 23:30:00,20638,5672
2026-08-03,2026-08-17,20370,5731
2026-08-03,2026-08-17 00:30:00,20144,5591
2026-08-03,2026-08-17 01:00:00,19917,5486
2026-08-03,2026-08-17 01:30:00,19351,5407
2026-08-03,2026-08-17 02:00:00,19034,5352
2026-08-03,2026-08-17 02:30:00,18424,5338
2026-08-03,2026-08-17 03:00:00,18139,5357
2026-08-03,2026-08-17 03:30:00,18076,5404
2026-08-03,2026-08-17 04:00:00,18154,5494
2026-08-03,2026-08-17 04:30:00,18281,5602
2026-08-03,2026-08-17 05:00:00,18587,5751
2026-08-03,2026-08-17 05:30:00,20043,5926
2026-08-03,2026-08-17 06:00:00,21092,5931
2026-08-03,2026-08-17 06:30:00,23119,5775
2026-08-03,2026-08-17 07:00:00,23864,5636
2026-08-03,2026-08-17 07:30:00,24838,5526
2026-08-03,2026-08-17 08:00:00,24935,5443
2026-08-03,2026-08-17 08:30:00,24369,5400
2026-08-03,2026-08-17 09:00:00,23890,5372
2026-08-03,2026-08-17 09:30:00,23220,NA
2026-08-03,2026-08-17 10:00:00,22718,NA
2026-08-03,2026-08-17 10:30:00,22259,NA
2026-08-03,2026-08-17 11:00:00,22123,NA
2026-08-03,2026-08-17 11:30:00,22044,NA
2026-08-03,2026-08-17 12:00:00,21880,NA
2026-08-03,2026-08-17 12:30:00,21801,NA
2026-08-03,2026-08-17 13:00:00,21367,NA
2026-08-03,2026-08-17 13:30:00,21632,NA
2026-08-03,2026-08-17 14:00:00,22081,NA
2026-08-03,2026-08-17 14:30:00,22266,NA
2026-08-03,2026-08-17 15:00:00,22479,NA
2026-08-03,2026-08-17 15:30:00,22834,NA
2026-08-03,2026-08-17 16:00:00,24250,NA
2026-08-03,2026-08-17 16:30:00,25254,NA
2026-08-03,2026-08-17 17:00:00,26991,NA
2026-08-03,2026-08-17 17:30:00,27326,NA
2026-08-03,2026-08-17 18:00:00,27875,NA
2026-08-03,2026-08-17 18:30:00,27596,NA
2026-08-03,2026-08-17 19:00:00,27281,NA
2026-08-03,2026-08-17 19:30:00,27719,NA
2026-08-03,2026-08-17 20:00:00,28033,NA
2026-08-03,2026-08-17 20:30:00,27476,NA
2026-08-03,2026-08-17 21:00:00,26612,NA
2026-08-03,2026-08-17 21:30:00,25301,NA
2026-08-03,2026-08-17 22:00:00,24055,NA
2026-08-03,2026-08-17 22:30:00,22899,NA
2026-08-03,2026-08-17 23:00:00,21977,NA
2026-08-04,2026-08-04 07:30:00,NA,7055
2026-08-04,2026-08-04 08:00:00,NA,7131
2026-08-04,2026-08-04 08:30:00,NA,7179
2026-08-04,2026-08-04 09:00:00,NA,7157
2026-08-04,2026-08-04 09:30:00,NA,7324
2026-08-04,2026-08-04 10:00:00,NA,7519
2026-08-04,2026-08-04 10:30:00,NA,7785
2026-08-04,2026-08-04 11:00:00,NA,7931
2026-08-04,2026-08-04 11:30:00,NA,7973
2026-08-04,2026-08-04 12:00:00,NA,8127
2026-08-04,2026-08-04 12:30:00,NA,8377
2026-08-04,2026-08-04 13:00:00,NA,8550
2026-08-04,2026-08-04 13:30:00,NA,8655
2026-08-04,2026-08-04 14:00:00,NA,8835
2026-08-04,2026-08-04 14:30:00,NA,9025
2026-08-04,2026-08-04 15:00:00,NA,9214
2026-08-04,2026-08-04 15:30:00,NA,9420
2026-08-04,2026-08-04 16:00:00,NA,9562
2026-08-04,2026-08-04 16:30:00,NA,9680
2026-08-04,2026-08-04 17:00:00,NA,9803
2026-08-04,2026-08-04 17:30:00,NA,9816
2026-08-04,2026-08-04 18:00:00,NA,9815
2026-08-04,2026-08-04 18:30:00,NA,9832
2026-08-04,2026-08-04 19:00:00,NA,9837
2026-08-04,2026-08-04 19:30:00,NA,9854
2026-08-04,2026-08-04 20:00:00,NA,9917
2026-08-04,2026-08-04 20:30:00,NA,10005
2026-08-04,2026-08-04 21:00:00,NA,10040
2026-08-04,2026-08-04 21:30:00,NA,10055
2026-08-04,2026-08-04 22:00:00,NA,10003
2026-08-04,2026-08-04 22:30:00,NA,9922
2026-08-04,2026-08-04 23:00:00,NA,9850
2026-08-04,2026-08-04 23:30:00,NA,9776
2026-08-04,2026-08-05,NA,9775
2026-08-04,2026-08-05 00:30:00,NA,9861
2026-08-04,2026-08-05 01:00:00,NA,9925
2026-08-04,2026-08-05 01:30:00,NA,9960
2026-08-04,2026-08-05 02:00:00,NA,10012
2026-08-04,2026-08-05 02:30:00,NA,10061
2026-08-04,2026-08-05 03:00:00,NA,10137
2026-08-04,2026-08-05 03:30:00,NA,10243
2026-08-04,2026-08-05 04:00:00,NA,10384
2026-08-04,2026-08-05 04:30:00,NA,10560
2026-08-04,2026-08-05 05:00:00,NA,10734
2026-08-04,2026-08-05 05:30:00,NA,10883
2026-08-04,2026-08-05 06:00:00,NA,11026
2026-08-04,2026-08-05 06:30:00,NA,11165
2026-08-04,2026-08-05 07:00:00,NA,11250
2026-08-04,2026-08-05 07:30:00,NA,11292
2026-08-04,2026-08-05 08:00:00,NA,11335
2026-08-04,2026-08-05 08:30:00,NA,11374
2026-08-04,2026-08-05 09:00:00,NA,11416
2026-08-04,2026-08-05 09:30:00,NA,11495
2026-08-04,2026-08-05 10:00:00,NA,11596
2026-08-04,2026-08-05 10:30:00,NA,11738
2026-08-04,2026-08-05 11:00:00,NA,11888
2026-08-04,2026-08-05 11:30:00,NA,12034
2026-08-04,2026-08-05 12:00:00,NA,12210
2026-08-04,2026-08-05 12:30:00,NA,12404
2026-08-04,2026-08-05 13:00:00,NA,12628
2026-08-04,2026-08-05 13:30:00,NA,12871
2026-08-04,2026-08-05 14:00:00,NA,13063
2026-08-04,2026-08-05 14:30:00,NA,13260
2026-08-04,2026-08-05 15:00:00,NA,13440
2026-08-04,2026-08-05 15:30:00,NA,13690
2026-08-04,2026-08-05 16:00:00,NA,13961
2026-08-04,2026-08-05 16:30:00,NA,14252
2026-08-04,2026-08-05 17:00:00,NA,14553
2026-08-04,2026-08-05 17:30:00,NA,14863
2026-08-04,2026-08-05 18:00:00,NA,15132
2026-08-04,2026-08-05 18:30:00,NA,15380
2026-08-04,2026-08-05 19:00:00,NA,15608
2026-08-04,2026-08-05 19:30:00,NA,15798
2026-08-04,2026-08-05 20:00:00,NA,15948
2026-08-04,2026-08-05 20:30:00,NA,16058
2026-08-04,2026-08-05 21:00:00,NA,16175
2026-08-04,2026-08-05 21:30:00,NA,16279
2026-08-04,2026-08-05 22:00:00,NA,16329
2026-08-04,2026-08-05 22:30:00,NA,16370
2026-08-04,2026-08-05 23:00:00,NA,16374
2026-08-04,2026-08-05 23:30:00,19184,16324
2026-08-04,2026-08-06,21300,16248
2026-08-04,2026-08-06 00:30:00,18793,16135
2026-08-04,2026-08-06 01:00:00,19201,16011
2026-08-04,2026-08-06 01:30:00,18526,15868
2026-08-04,2026-08-06 02:00:00,18306,15677
2026-08-04,2026-08-06 02:30:00,17977,15455
2026-08-04,2026-08-06 03:00:00,17704,15197
2026-08-04,2026-08-06 03:30:00,17525,14899
2026-08-04,2026-08-06 04:00:00,17576,14621
2026-08-04,2026-08-06 04:30:00,17454,14330
2026-08-04,2026-08-06 05:00:00,17713,14005
2026-08-04,2026-08-06 05:30:00,19573,13632
2026-08-04,2026-08-06 06:00:00,20233,13250
2026-08-04,2026-08-06 06:30:00,21497,12876
2026-08-04,2026-08-06 07:00:00,21915,12494
2026-08-04,2026-08-06 07:30:00,23192,12114
2026-08-04,2026-08-06 08:00:00,23652,11703
2026-08-04,2026-08-06 08:30:00,24366,11281
2026-08-04,2026-08-06 09:00:00,23449,10781
2026-08-04,2026-08-06 09:30:00,22731,10295
2026-08-04,2026-08-06 10:00:00,22251,9841
2026-08-04,2026-08-06 10:30:00,22726,9449
2026-08-04,2026-08-06 11:00:00,21675,9062
2026-08-04,2026-08-06 11:30:00,22014,8664
2026-08-04,2026-08-06 12:00:00,21879,8247
2026-08-04,2026-08-06 12:30:00,21993,7822
2026-08-04,2026-08-06 13:00:00,22152,7589
2026-08-04,2026-08-06 13:30:00,22089,7271
2026-08-04,2026-08-06 14:00:00,22229,6975
2026-08-04,2026-08-06 14:30:00,22572,6680
2026-08-04,2026-08-06 15:00:00,22740,6303
2026-08-04,2026-08-06 15:30:00,22869,5895
2026-08-04,2026-08-06 16:00:00,23915,5477
2026-08-04,2026-08-06 16:30:00,25207,5064
2026-08-04,2026-08-06 17:00:00,26531,4688
2026-08-04,2026-08-06 17:30:00,27267,4313
2026-08-04,2026-08-06 18:00:00,27443,3901
2026-08-04,2026-08-06 18:30:00,27432,3473
2026-08-04,2026-08-06 19:00:00,27454,3157
2026-08-04,2026-08-06 19:30:00,27490,2945
2026-08-04,2026-08-06 20:00:00,27570,2783
2026-08-04,2026-08-06 20:30:00,28008,2678
2026-08-04,2026-08-06 21:00:00,27675,2623
2026-08-04,2026-08-06 21:30:00,26365,2620
2026-08-04,2026-08-06 22:00:00,25001,2632
2026-08-04,2026-08-06 22:30:00,23637,2630
2026-08-04,2026-08-06 23:00:00,22708,2657
2026-08-04,2026-08-06 23:30:00,21860,2695
2026-08-04,2026-08-07,21784,2763
2026-08-04,2026-08-07 00:30:00,21524,2819
2026-08-04,2026-08-07 01:00:00,21728,2888
2026-08-04,2026-08-07 01:30:00,21178,2943
2026-08-04,2026-08-07 02:00:00,20453,2979
2026-08-04,2026-08-07 02:30:00,20061,2980
2026-08-04,2026-08-07 03:00:00,20016,2996
2026-08-04,2026-08-07 03:30:00,19520,2982
2026-08-04,2026-08-07 04:00:00,19648,2990
2026-08-04,2026-08-07 04:30:00,19560,3016
2026-08-04,2026-08-07 05:00:00,19546,3022
2026-08-04,2026-08-07 05:30:00,20666,2993
2026-08-04,2026-08-07 06:00:00,21413,2983
2026-08-04,2026-08-07 06:30:00,22777,2939
2026-08-04,2026-08-07 07:00:00,23291,2967
2026-08-04,2026-08-07 07:30:00,23941,3057
2026-08-04,2026-08-07 08:00:00,24005,3160
2026-08-04,2026-08-07 08:30:00,23107,3263
2026-08-04,2026-08-07 09:00:00,22266,3350
2026-08-04,2026-08-07 09:30:00,21745,3413
2026-08-04,2026-08-07 10:00:00,22127,3497
2026-08-04,2026-08-07 10:30:00,22416,3595
2026-08-04,2026-08-07 11:00:00,21921,3719
2026-08-04,2026-08-07 11:30:00,22050,3868
2026-08-04,2026-08-07 12:00:00,21992,3943
2026-08-04,2026-08-07 12:30:00,21906,3959
2026-08-04,2026-08-07 13:00:00,21752,4008
2026-08-04,2026-08-07 13:30:00,21229,4076
2026-08-04,2026-08-07 14:00:00,21015,4176
2026-08-04,2026-08-07 14:30:00,20885,4291
2026-08-04,2026-08-07 15:00:00,21046,4329
2026-08-04,2026-08-07 15:30:00,21621,4325
2026-08-04,2026-08-07 16:00:00,22348,4353
2026-08-04,2026-08-07 16:30:00,23728,4415
2026-08-04,2026-08-07 17:00:00,25217,4537
2026-08-04,2026-08-07 17:30:00,25880,4706
2026-08-04,2026-08-07 18:00:00,26298,4824
2026-08-04,2026-08-07 18:30:00,26380,4917
2026-08-04,2026-08-07 19:00:00,26272,5042
2026-08-04,2026-08-07 19:30:00,26243,5243
2026-08-04,2026-08-07 20:00:00,26196,5479
2026-08-04,2026-08-07 20:30:00,26132,5760
2026-08-04,2026-08-07 21:00:00,26321,5954
2026-08-04,2026-08-07 21:30:00,25371,6074
2026-08-04,2026-08-07 22:00:00,24261,6197
2026-08-04,2026-08-07 22:30:00,23046,6323
2026-08-04,2026-08-07 23:00:00,22044,6476
2026-08-04,2026-08-07 23:30:00,21218,6661
2026-08-04,2026-08-08,21447,6720
2026-08-04,2026-08-08 00:30:00,20645,6678
2026-08-04,2026-08-08 01:00:00,20711,6638
2026-08-04,2026-08-08 01:30:00,20046,6620
2026-08-04,2026-08-08 02:00:00,19607,6630
2026-08-04,2026-08-08 02:30:00,19212,6662
2026-08-04,2026-08-08 03:00:00,18749,6716
2026-08-04,2026-08-08 03:30:00,18627,6744
2026-08-04,2026-08-08 04:00:00,18536,6797
2026-08-04,2026-08-08 04:30:00,18082,6865
2026-08-04,2026-08-08 05:00:00,17652,6949
2026-08-04,2026-08-08 05:30:00,18424,7060
2026-08-04,2026-08-08 06:00:00,18877,7145
2026-08-04,2026-08-08 06:30:00,18765,7224
2026-08-04,2026-08-08 07:00:00,18738,7339
2026-08-04,2026-08-08 07:30:00,19367,7481
2026-08-04,2026-08-08 08:00:00,19538,7643
2026-08-04,2026-08-08 08:30:00,19126,7820
2026-08-04,2026-08-08 09:00:00,18185,7954
2026-08-04,2026-08-08 09:30:00,17005,8033
2026-08-04,2026-08-08 10:00:00,16834,8133
2026-08-04,2026-08-08 10:30:00,16671,8265
2026-08-04,2026-08-08 11:00:00,16169,8414
2026-08-04,2026-08-08 11:30:00,15664,8590
2026-08-04,2026-08-08 12:00:00,15462,8285
2026-08-04,2026-08-08 12:30:00,15368,8308
2026-08-04,2026-08-08 13:00:00,15543,8569
2026-08-04,2026-08-08 13:30:00,15142,8656
2026-08-04,2026-08-08 14:00:00,15024,8774
2026-08-04,2026-08-08 14:30:00,15271,8926
2026-08-04,2026-08-08 15:00:00,16058,9013
2026-08-04,2026-08-08 15:30:00,17080,9003
2026-08-04,2026-08-08 16:00:00,18166,9044
2026-08-04,2026-08-08 16:30:00,20169,9142
2026-08-04,2026-08-08 17:00:00,21590,9276
2026-08-04,2026-08-08 17:30:00,22968,9449
2026-08-04,2026-08-08 18:00:00,23185,9491
2026-08-04,2026-08-08 18:30:00,23529,9363
2026-08-04,2026-08-08 19:00:00,23376,9299
2026-08-04,2026-08-08 19:30:00,23420,9285
2026-08-04,2026-08-08 20:00:00,23663,9363
2026-08-04,2026-08-08 20:30:00,23928,9479
2026-08-04,2026-08-08 21:00:00,23346,9372
2026-08-04,2026-08-08 21:30:00,23268,9053
2026-08-04,2026-08-08 22:00:00,22548,8811
2026-08-04,2026-08-08 22:30:00,21590,8662
2026-08-04,2026-08-08 23:00:00,20757,8610
2026-08-04,2026-08-08 23:30:00,20184,8666
2026-08-04,2026-08-09,20537,8506
2026-08-04,2026-08-09 00:30:00,19778,8109
2026-08-04,2026-08-09 01:00:00,19668,7794
2026-08-04,2026-08-09 01:30:00,19333,7570
2026-08-04,2026-08-09 02:00:00,18624,7448
2026-08-04,2026-08-09 02:30:00,18305,7427
2026-08-04,2026-08-09 03:00:00,17886,7297
2026-08-04,2026-08-09 03:30:00,17809,7037
2026-08-04,2026-08-09 04:00:00,17609,6838
2026-08-04,2026-08-09 04:30:00,17354,6718
2026-08-04,2026-08-09 05:00:00,16797,6681
2026-08-04,2026-08-09 05:30:00,16884,6723
2026-08-04,2026-08-09 06:00:00,16659,6672
2026-08-04,2026-08-09 06:30:00,16642,6512
2026-08-04,2026-08-09 07:00:00,17086,6395
2026-08-04,2026-08-09 07:30:00,17295,6346
2026-08-04,2026-08-09 08:00:00,17428,6339
2026-08-04,2026-08-09 08:30:00,17397,6402
2026-08-04,2026-08-09 09:00:00,17352,6405
2026-08-04,2026-08-09 09:30:00,16771,6348
2026-08-04,2026-08-09 10:00:00,16160,6352
2026-08-04,2026-08-09 10:30:00,15794,6407
2026-08-04,2026-08-09 11:00:00,15822,6525
2026-08-04,2026-08-09 11:30:00,15870,6705
2026-08-04,2026-08-09 12:00:00,16000,6709
2026-08-04,2026-08-09 12:30:00,16724,6533
2026-08-04,2026-08-09 13:00:00,16698,6410
2026-08-04,2026-08-09 13:30:00,16866,6311
2026-08-04,2026-08-09 14:00:00,16859,6266
2026-08-04,2026-08-09 14:30:00,16853,6245
2026-08-04,2026-08-09 15:00:00,17348,6269
2026-08-04,2026-08-09 15:30:00,18121,6327
2026-08-04,2026-08-09 16:00:00,19062,6441
2026-08-04,2026-08-09 16:30:00,20589,6569
2026-08-04,2026-08-09 17:00:00,21912,6740
2026-08-04,2026-08-09 17:30:00,23261,6942
2026-08-04,2026-08-09 18:00:00,23668,6923
2026-08-04,2026-08-09 18:30:00,23509,6677
2026-08-04,2026-08-09 19:00:00,23673,6494
2026-08-04,2026-08-09 19:30:00,23667,6364
2026-08-04,2026-08-09 20:00:00,23995,6288
2026-08-04,2026-08-09 20:30:00,24635,6259
2026-08-04,2026-08-09 21:00:00,24385,6280
2026-08-04,2026-08-09 21:30:00,23285,6355
2026-08-04,2026-08-09 22:00:00,22513,6469
2026-08-04,2026-08-09 22:30:00,21452,6636
2026-08-04,2026-08-09 23:00:00,20750,6865
2026-08-04,2026-08-09 23:30:00,20223,7147
2026-08-04,2026-08-10,20441,7182
2026-08-04,2026-08-10 00:30:00,19901,6976
2026-08-04,2026-08-10 01:00:00,19950,6776
2026-08-04,2026-08-10 01:30:00,19856,6624
2026-08-04,2026-08-10 02:00:00,19220,6508
2026-08-04,2026-08-10 02:30:00,18985,6418
2026-08-04,2026-08-10 03:00:00,18993,6366
2026-08-04,2026-08-10 03:30:00,18211,6323
2026-08-04,2026-08-10 04:00:00,18094,6321
2026-08-04,2026-08-10 04:30:00,18464,6344
2026-08-04,2026-08-10 05:00:00,18864,6392
2026-08-04,2026-08-10 05:30:00,20066,6475
2026-08-04,2026-08-10 06:00:00,21345,6433
2026-08-04,2026-08-10 06:30:00,23257,6175
2026-08-04,2026-08-10 07:00:00,23747,6041
2026-08-04,2026-08-10 07:30:00,24790,5971
2026-08-04,2026-08-10 08:00:00,24478,5868
2026-08-04,2026-08-10 08:30:00,24238,5798
2026-08-04,2026-08-10 09:00:00,23465,5536
2026-08-04,2026-08-10 09:30:00,22814,5510
2026-08-04,2026-08-10 10:00:00,22315,5506
2026-08-04,2026-08-10 10:30:00,22076,5515
2026-08-04,2026-08-10 11:00:00,22072,5620
2026-08-04,2026-08-10 11:30:00,21723,5681
2026-08-04,2026-08-10 12:00:00,21541,5606
2026-08-04,2026-08-10 12:30:00,21217,5421
2026-08-04,2026-08-10 13:00:00,21348,5274
2026-08-04,2026-08-10 13:30:00,21418,5160
2026-08-04,2026-08-10 14:00:00,21650,5055
2026-08-04,2026-08-10 14:30:00,22040,5002
2026-08-04,2026-08-10 15:00:00,22195,4974
2026-08-04,2026-08-10 15:30:00,23338,4973
2026-08-04,2026-08-10 16:00:00,24685,5007
2026-08-04,2026-08-10 16:30:00,25898,5076
2026-08-04,2026-08-10 17:00:00,27082,5181
2026-08-04,2026-08-10 17:30:00,27287,5313
2026-08-04,2026-08-10 18:00:00,27488,5267
2026-08-04,2026-08-10 18:30:00,27102,5032
2026-08-04,2026-08-10 19:00:00,27309,4836
2026-08-04,2026-08-10 19:30:00,27751,4675
2026-08-04,2026-08-10 20:00:00,27285,4547
2026-08-04,2026-08-10 20:30:00,27604,4445
2026-08-04,2026-08-10 21:00:00,26935,4391
2026-08-04,2026-08-10 21:30:00,25512,4370
2026-08-04,2026-08-10 22:00:00,24461,4375
2026-08-04,2026-08-10 22:30:00,23138,4420
2026-08-04,2026-08-10 23:00:00,22363,4505
2026-08-04,2026-08-10 23:30:00,21920,4630
2026-08-04,2026-08-11,21791,4629
2026-08-04,2026-08-11 00:30:00,21418,4476
2026-08-04,2026-08-11 01:00:00,21410,4344
2026-08-04,2026-08-11 01:30:00,21204,4224
2026-08-04,2026-08-11 02:00:00,20832,4131
2026-08-04,2026-08-11 02:30:00,20295,4053
2026-08-04,2026-08-11 03:00:00,19811,3994
2026-08-04,2026-08-11 03:30:00,19478,3957
2026-08-04,2026-08-11 04:00:00,19349,3932
2026-08-04,2026-08-11 04:30:00,19588,3932
2026-08-04,2026-08-11 05:00:00,19655,3951
2026-08-04,2026-08-11 05:30:00,21121,3988
2026-08-04,2026-08-11 06:00:00,21976,3943
2026-08-04,2026-08-11 06:30:00,23441,3826
2026-08-04,2026-08-11 07:00:00,24103,3716
2026-08-04,2026-08-11 07:30:00,25336,3630
2026-08-04,2026-08-11 08:00:00,25457,3566
2026-08-04,2026-08-11 08:30:00,25007,3530
2026-08-04,2026-08-11 09:00:00,24442,3475
2026-08-04,2026-08-11 09:30:00,23892,3479
2026-08-04,2026-08-11 10:00:00,23297,3507
2026-08-04,2026-08-11 10:30:00,22997,3555
2026-08-04,2026-08-11 11:00:00,22709,3615
2026-08-04,2026-08-11 11:30:00,22469,3703
2026-08-04,2026-08-11 12:00:00,22297,3698
2026-08-04,2026-08-11 12:30:00,22261,3635
2026-08-04,2026-08-11 13:00:00,22313,3575
2026-08-04,2026-08-11 13:30:00,22412,3562
2026-08-04,2026-08-11 14:00:00,22551,3577
2026-08-04,2026-08-11 14:30:00,23036,3603
2026-08-04,2026-08-11 15:00:00,23578,3572
2026-08-04,2026-08-11 15:30:00,23579,3651
2026-08-04,2026-08-11 16:00:00,25552,3984
2026-08-04,2026-08-11 16:30:00,26260,4132
2026-08-04,2026-08-11 17:00:00,27146,4292
2026-08-04,2026-08-11 17:30:00,27410,4491
2026-08-04,2026-08-11 18:00:00,28067,4540
2026-08-04,2026-08-11 18:30:00,28377,4449
2026-08-04,2026-08-11 19:00:00,28192,4380
2026-08-04,2026-08-11 19:30:00,28103,4358
2026-08-04,2026-08-11 20:00:00,28251,4360
2026-08-04,2026-08-11 20:30:00,28184,4392
2026-08-04,2026-08-11 21:00:00,27289,4452
2026-08-04,2026-08-11 21:30:00,26189,4546
2026-08-04,2026-08-11 22:00:00,25343,4680
2026-08-04,2026-08-11 22:30:00,24288,4849
2026-08-04,2026-08-11 23:00:00,22640,5062
2026-08-04,2026-08-11 23:30:00,22178,5301
2026-08-04,2026-08-12,21910,5357
2026-08-04,2026-08-12 00:30:00,21410,5238
2026-08-04,2026-08-12 01:00:00,21298,5119
2026-08-04,2026-08-12 01:30:00,21094,5033
2026-08-04,2026-08-12 02:00:00,20722,4968
2026-08-04,2026-08-12 02:30:00,20186,4932
2026-08-04,2026-08-12 03:00:00,19701,4923
2026-08-04,2026-08-12 03:30:00,19365,4928
2026-08-04,2026-08-12 04:00:00,19232,4968
2026-08-04,2026-08-12 04:30:00,19471,5027
2026-08-04,2026-08-12 05:00:00,19538,5108
2026-08-04,2026-08-12 05:30:00,21004,5220
2026-08-04,2026-08-12 06:00:00,21863,5208
2026-08-04,2026-08-12 06:30:00,23341,5082
2026-08-04,2026-08-12 07:00:00,24023,4982
2026-08-04,2026-08-12 07:30:00,25278,4909
2026-08-04,2026-08-12 08:00:00,25414,4854
2026-08-04,2026-08-12 08:30:00,24978,4832
2026-08-04,2026-08-12 09:00:00,24423,4823
2026-08-04,2026-08-12 09:30:00,23880,4839
2026-08-04,2026-08-12 10:00:00,23290,4882
2026-08-04,2026-08-12 10:30:00,22997,4942
2026-08-04,2026-08-12 11:00:00,22710,5032
2026-08-04,2026-08-12 11:30:00,22544,5135
2026-08-04,2026-08-12 12:00:00,22393,5151
2026-08-04,2026-08-12 12:30:00,22334,5090
2026-08-04,2026-08-12 13:00:00,22362,5066
2026-08-04,2026-08-12 13:30:00,22435,5079
2026-08-04,2026-08-12 14:00:00,22546,5124
2026-08-04,2026-08-12 14:30:00,23003,5200
2026-08-04,2026-08-12 15:00:00,23515,5306
2026-08-04,2026-08-12 15:30:00,23484,5434
2026-08-04,2026-08-12 16:00:00,25455,5590
2026-08-04,2026-08-12 16:30:00,26156,5785
2026-08-04,2026-08-12 17:00:00,27034,6012
2026-08-04,2026-08-12 17:30:00,27292,6246
2026-08-04,2026-08-12 18:00:00,27935,6233
2026-08-04,2026-08-12 18:30:00,28248,5965
2026-08-04,2026-08-12 19:00:00,28082,5726
2026-08-04,2026-08-12 19:30:00,28007,5550
2026-08-04,2026-08-12 20:00:00,28160,5431
2026-08-04,2026-08-12 20:30:00,28095,5362
2026-08-04,2026-08-12 21:00:00,27204,5345
2026-08-04,2026-08-12 21:30:00,26106,5369
2026-08-04,2026-08-12 22:00:00,25261,5433
2026-08-04,2026-08-12 22:30:00,24208,5561
2026-08-04,2026-08-12 23:00:00,22562,5747
2026-08-04,2026-08-12 23:30:00,22204,6002
2026-08-04,2026-08-13,21895,6002
2026-08-04,2026-08-13 00:30:00,21372,5718
2026-08-04,2026-08-13 01:00:00,21225,5465
2026-08-04,2026-08-13 01:30:00,21039,5244
2026-08-04,2026-08-13 02:00:00,20685,5069
2026-08-04,2026-08-13 02:30:00,20166,4920
2026-08-04,2026-08-13 03:00:00,19700,4812
2026-08-04,2026-08-13 03:30:00,19382,4745
2026-08-04,2026-08-13 04:00:00,19267,4706
2026-08-04,2026-08-13 04:30:00,19517,4710
2026-08-04,2026-08-13 05:00:00,19598,4751
2026-08-04,2026-08-13 05:30:00,21080,4831
2026-08-04,2026-08-13 06:00:00,21958,4795
2026-08-04,2026-08-13 06:30:00,23448,4623
2026-08-04,2026-08-13 07:00:00,24129,4469
2026-08-04,2026-08-13 07:30:00,25378,4353
2026-08-04,2026-08-13 08:00:00,25512,4228
2026-08-04,2026-08-13 08:30:00,25071,4165
2026-08-04,2026-08-13 09:00:00,24512,4119
2026-08-04,2026-08-13 09:30:00,23230,4109
2026-08-04,2026-08-13 10:00:00,22603,4118
2026-08-04,2026-08-13 10:30:00,22286,4152
2026-08-04,2026-08-13 11:00:00,21982,4210
2026-08-04,2026-08-13 11:30:00,21814,4304
2026-08-04,2026-08-13 12:00:00,21661,4304
2026-08-04,2026-08-13 12:30:00,21577,4237
2026-08-04,2026-08-13 13:00:00,21543,4193
2026-08-04,2026-08-13 13:30:00,21582,4187
2026-08-04,2026-08-13 14:00:00,21662,4205
2026-08-04,2026-08-13 14:30:00,22110,4253
2026-08-04,2026-08-13 15:00:00,22612,4313
2026-08-04,2026-08-13 15:30:00,22612,4418
2026-08-04,2026-08-13 16:00:00,24500,4533
2026-08-04,2026-08-13 16:30:00,25291,4695
2026-08-04,2026-08-13 17:00:00,26273,4869
2026-08-04,2026-08-13 17:30:00,26652,5109
2026-08-04,2026-08-13 18:00:00,27436,5091
2026-08-04,2026-08-13 18:30:00,27823,4867
2026-08-04,2026-08-13 19:00:00,27698,4670
2026-08-04,2026-08-13 19:30:00,27642,4525
2026-08-04,2026-08-13 20:00:00,27806,4407
2026-08-04,2026-08-13 20:30:00,27729,4341
2026-08-04,2026-08-13 21:00:00,26841,4309
2026-08-04,2026-08-13 21:30:00,25739,4318
2026-08-04,2026-08-13 22:00:00,24903,4364
2026-08-04,2026-08-13 22:30:00,23859,4450
2026-08-04,2026-08-13 23:00:00,22235,4599
2026-08-04,2026-08-13 23:30:00,21939,4792
2026-08-04,2026-08-14,21819,4780
2026-08-04,2026-08-14 00:30:00,21223,4546
2026-08-04,2026-08-14 01:00:00,20952,4343
2026-08-04,2026-08-14 01:30:00,20303,4168
2026-08-04,2026-08-14 02:00:00,19840,4034
2026-08-04,2026-08-14 02:30:00,19494,3936
2026-08-04,2026-08-14 03:00:00,19121,3860
2026-08-04,2026-08-14 03:30:00,19064,3814
2026-08-04,2026-08-14 04:00:00,18888,3792
2026-08-04,2026-08-14 04:30:00,19148,3804
2026-08-04,2026-08-14 05:00:00,19191,3846
2026-08-04,2026-08-14 05:30:00,20588,3927
2026-08-04,2026-08-14 06:00:00,21553,3887
2026-08-04,2026-08-14 06:30:00,23160,3731
2026-08-04,2026-08-14 07:00:00,24018,3612
2026-08-04,2026-08-14 07:30:00,24807,3513
2026-08-04,2026-08-14 08:00:00,24665,3438
2026-08-04,2026-08-14 08:30:00,24365,3393
2026-08-04,2026-08-14 09:00:00,23790,3362
2026-08-04,2026-08-14 09:30:00,23186,3358
2026-08-04,2026-08-14 10:00:00,22572,3379
2026-08-04,2026-08-14 10:30:00,22196,3420
2026-08-04,2026-08-14 11:00:00,22011,3483
2026-08-04,2026-08-14 11:30:00,21890,3573
2026-08-04,2026-08-14 12:00:00,21514,3579
2026-08-04,2026-08-14 12:30:00,21257,3517
2026-08-04,2026-08-14 13:00:00,20661,3478
2026-08-04,2026-08-14 13:30:00,20880,3468
2026-08-04,2026-08-14 14:00:00,20824,3487
2026-08-04,2026-08-14 14:30:00,20665,3527
2026-08-04,2026-08-14 15:00:00,20670,3607
2026-08-04,2026-08-14 15:30:00,21770,3687
2026-08-04,2026-08-14 16:00:00,23010,3830
2026-08-04,2026-08-14 16:30:00,23952,4025
2026-08-04,2026-08-14 17:00:00,25302,4243
2026-08-04,2026-08-14 17:30:00,25582,4473
2026-08-04,2026-08-14 18:00:00,26248,4500
2026-08-04,2026-08-14 18:30:00,26366,4318
2026-08-04,2026-08-14 19:00:00,26000,4182
2026-08-04,2026-08-14 19:30:00,26048,4083
2026-08-04,2026-08-14 20:00:00,26574,4010
2026-08-04,2026-08-14 20:30:00,26215,3966
2026-08-04,2026-08-14 21:00:00,25981,3953
2026-08-04,2026-08-14 21:30:00,25305,3983
2026-08-04,2026-08-14 22:00:00,24045,4034
2026-08-04,2026-08-14 22:30:00,22788,4118
2026-08-04,2026-08-14 23:00:00,21916,4237
2026-08-04,2026-08-14 23:30:00,21593,4388
2026-08-04,2026-08-15,21162,4400
2026-08-04,2026-08-15 00:30:00,20805,4252
2026-08-04,2026-08-15 01:00:00,20488,4132
2026-08-04,2026-08-15 01:30:00,20083,4037
2026-08-04,2026-08-15 02:00:00,19354,3970
2026-08-04,2026-08-15 02:30:00,18978,3914
2026-08-04,2026-08-15 03:00:00,18630,3894
2026-08-04,2026-08-15 03:30:00,18112,3889
2026-08-04,2026-08-15 04:00:00,18164,3913
2026-08-04,2026-08-15 04:30:00,17993,3961
2026-08-04,2026-08-15 05:00:00,17774,4044
2026-08-04,2026-08-15 05:30:00,18439,4143
2026-08-04,2026-08-15 06:00:00,19057,4154
2026-08-04,2026-08-15 06:30:00,20090,4057
2026-08-04,2026-08-15 07:00:00,20399,3993
2026-08-04,2026-08-15 07:30:00,20526,3966
2026-08-04,2026-08-15 08:00:00,20292,3882
2026-08-04,2026-08-15 08:30:00,20103,3902
2026-08-04,2026-08-15 09:00:00,19683,3930
2026-08-04,2026-08-15 09:30:00,19298,3996
2026-08-04,2026-08-15 10:00:00,19074,4071
2026-08-04,2026-08-15 10:30:00,18253,4199
2026-08-04,2026-08-15 11:00:00,17878,4330
2026-08-04,2026-08-15 11:30:00,17847,4479
2026-08-04,2026-08-15 12:00:00,17425,4522
2026-08-04,2026-08-15 12:30:00,17442,4465
2026-08-04,2026-08-15 13:00:00,17146,4428
2026-08-04,2026-08-15 13:30:00,17402,4431
2026-08-04,2026-08-15 14:00:00,17185,4448
2026-08-04,2026-08-15 14:30:00,17464,4502
2026-08-04,2026-08-15 15:00:00,17516,4577
2026-08-04,2026-08-15 15:30:00,18568,4687
2026-08-04,2026-08-15 16:00:00,19717,4821
2026-08-04,2026-08-15 16:30:00,21464,4984
2026-08-04,2026-08-15 17:00:00,23042,5168
2026-08-04,2026-08-15 17:30:00,23759,5383
2026-08-04,2026-08-15 18:00:00,24356,5398
2026-08-04,2026-08-15 18:30:00,24264,5222
2026-08-04,2026-08-15 19:00:00,24385,5094
2026-08-04,2026-08-15 19:30:00,24337,4998
2026-08-04,2026-08-15 20:00:00,24586,4943
2026-08-04,2026-08-15 20:30:00,24406,4923
2026-08-04,2026-08-15 21:00:00,24159,4952
2026-08-04,2026-08-15 21:30:00,23757,5004
2026-08-04,2026-08-15 22:00:00,22756,5104
2026-08-04,2026-08-15 22:30:00,21773,5233
2026-08-04,2026-08-15 23:00:00,21043,5417
2026-08-04,2026-08-15 23:30:00,20861,5632
2026-08-04,2026-08-16,20541,5680
2026-08-04,2026-08-16 00:30:00,20022,5521
2026-08-04,2026-08-16 01:00:00,19757,5404
2026-08-04,2026-08-16 01:30:00,19411,5300
2026-08-04,2026-08-16 02:00:00,18789,5237
2026-08-04,2026-08-16 02:30:00,18250,5189
2026-08-04,2026-08-16 03:00:00,17776,5183
2026-08-04,2026-08-16 03:30:00,17530,5199
2026-08-04,2026-08-16 04:00:00,17370,5245
2026-08-04,2026-08-16 04:30:00,17220,5309
2026-08-04,2026-08-16 05:00:00,16931,5414
2026-08-04,2026-08-16 05:30:00,16953,5539
2026-08-04,2026-08-16 06:00:00,17151,5553
2026-08-04,2026-08-16 06:30:00,17770,5434
2026-08-04,2026-08-16 07:00:00,17754,5332
2026-08-04,2026-08-16 07:30:00,18114,5267
2026-08-04,2026-08-16 08:00:00,17798,5223
2026-08-04,2026-08-16 08:30:00,17950,5191
2026-08-04,2026-08-16 09:00:00,17784,5191
2026-08-04,2026-08-16 09:30:00,17229,5212
2026-08-04,2026-08-16 10:00:00,16833,5256
2026-08-04,2026-08-16 10:30:00,16915,5313
2026-08-04,2026-08-16 11:00:00,17200,5406
2026-08-04,2026-08-16 11:30:00,17777,5506
2026-08-04,2026-08-16 12:00:00,17531,5485
2026-08-04,2026-08-16 12:30:00,17280,5372
2026-08-04,2026-08-16 13:00:00,17077,5284
2026-08-04,2026-08-16 13:30:00,17019,5244
2026-08-04,2026-08-16 14:00:00,17273,5224
2026-08-04,2026-08-16 14:30:00,17570,5242
2026-08-04,2026-08-16 15:00:00,18198,5296
2026-08-04,2026-08-16 15:30:00,19773,5388
2026-08-04,2026-08-16 16:00:00,21147,5507
2026-08-04,2026-08-16 16:30:00,22130,5662
2026-08-04,2026-08-16 17:00:00,23743,5843
2026-08-04,2026-08-16 17:30:00,25010,6065
2026-08-04,2026-08-16 18:00:00,25235,6068
2026-08-04,2026-08-16 18:30:00,25020,5877
2026-08-04,2026-08-16 19:00:00,24956,5735
2026-08-04,2026-08-16 19:30:00,24719,5629
2026-08-04,2026-08-16 20:00:00,25299,5580
2026-08-04,2026-08-16 20:30:00,25383,5567
2026-08-04,2026-08-16 21:00:00,24851,5613
2026-08-04,2026-08-16 21:30:00,23532,5711
2026-08-04,2026-08-16 22:00:00,23071,5849
2026-08-04,2026-08-16 22:30:00,21488,6062
2026-08-04,2026-08-16 23:00:00,20840,6322
2026-08-04,2026-08-16 23:30:00,20627,6633
2026-08-04,2026-08-17,20365,6707
2026-08-04,2026-08-17 00:30:00,20146,6560
2026-08-04,2026-08-17 01:00:00,19925,6431
2026-08-04,2026-08-17 01:30:00,19358,6334
2026-08-04,2026-08-17 02:00:00,19039,6273
2026-08-04,2026-08-17 02:30:00,18427,6237
2026-08-04,2026-08-17 03:00:00,18140,6237
2026-08-04,2026-08-17 03:30:00,18076,6252
2026-08-04,2026-08-17 04:00:00,18155,6303
2026-08-04,2026-08-17 04:30:00,18281,6380
2026-08-04,2026-08-17 05:00:00,18587,6482
2026-08-04,2026-08-17 05:30:00,20043,6609
2026-08-04,2026-08-17 06:00:00,21092,6593
2026-08-04,2026-08-17 06:30:00,23119,6419
2026-08-04,2026-08-17 07:00:00,23863,6297
2026-08-04,2026-08-17 07:30:00,24838,6198
2026-08-04,2026-08-17 08:00:00,24935,6117
2026-08-04,2026-08-17 08:30:00,24369,6076
2026-08-04,2026-08-17 09:00:00,23890,6065
2026-08-04,2026-08-17 09:30:00,23220,6080
2026-08-04,2026-08-17 10:00:00,22718,6124
2026-08-04,2026-08-17 10:30:00,22258,6192
2026-08-04,2026-08-17 11:00:00,22123,6290
2026-08-04,2026-08-17 11:30:00,22042,6415
2026-08-04,2026-08-17 12:00:00,21876,6408
2026-08-04,2026-08-17 12:30:00,21799,6303
2026-08-04,2026-08-17 13:00:00,21367,6213
2026-08-04,2026-08-17 13:30:00,21634,6160
2026-08-04,2026-08-17 14:00:00,22084,6140
2026-08-04,2026-08-17 14:30:00,22271,6152
2026-08-04,2026-08-17 15:00:00,22487,6187
2026-08-04,2026-08-17 15:30:00,22843,6246
2026-08-04,2026-08-17 16:00:00,24258,6353
2026-08-04,2026-08-17 16:30:00,25260,6478
2026-08-04,2026-08-17 17:00:00,26995,6634
2026-08-04,2026-08-17 17:30:00,27329,6813
2026-08-04,2026-08-17 18:00:00,27877,6806
2026-08-04,2026-08-17 18:30:00,27596,6634
2026-08-04,2026-08-17 19:00:00,27280,6485
2026-08-04,2026-08-17 19:30:00,27717,6376
2026-08-04,2026-08-17 20:00:00,28029,6287
2026-08-04,2026-08-17 20:30:00,27472,6235
2026-08-04,2026-08-17 21:00:00,26608,6227
2026-08-04,2026-08-17 21:30:00,25298,6256
2026-08-04,2026-08-17 22:00:00,24052,6321
2026-08-04,2026-08-17 22:30:00,22896,6436
2026-08-04,2026-08-17 23:00:00,21974,6582
2026-08-04,2026-08-17 23:30:00,21752,6776
2026-08-04,2026-08-18,21367,6804
2026-08-04,2026-08-18 00:30:00,20877,6653
2026-08-04,2026-08-18 01:00:00,20950,6529
2026-08-04,2026-08-18 01:30:00,20243,6430
2026-08-04,2026-08-18 02:00:00,19798,6358
2026-08-04,2026-08-18 02:30:00,19382,6311
2026-08-04,2026-08-18 03:00:00,19227,6295
2026-08-04,2026-08-18 03:30:00,19001,6298
2026-08-04,2026-08-18 04:00:00,18907,6334
2026-08-04,2026-08-18 04:30:00,19075,6398
2026-08-04,2026-08-18 05:00:00,19662,6477
2026-08-04,2026-08-18 05:30:00,20850,6595
2026-08-04,2026-08-18 06:00:00,21837,6550
2026-08-04,2026-08-18 06:30:00,23732,6372
2026-08-04,2026-08-18 07:00:00,24702,6206
2026-08-04,2026-08-18 07:30:00,25841,NA
2026-08-04,2026-08-18 08:00:00,25763,NA
2026-08-04,2026-08-18 08:30:00,25653,NA
2026-08-04,2026-08-18 09:00:00,24567,NA
2026-08-04,2026-08-18 09:30:00,23737,NA
2026-08-04,2026-08-18 10:00:00,23364,NA
2026-08-04,2026-08-18 10:30:00,22593,NA
2026-08-04,2026-08-18 11:00:00,22117,NA
2026-08-04,2026-08-18 11:30:00,22117,NA
2026-08-04,2026-08-18 12:00:00,21835,NA
2026-08-04,2026-08-18 12:30:00,21746,NA
2026-08-04,2026-08-18 13:00:00,21539,NA
2026-08-04,2026-08-18 13:30:00,21716,NA
2026-08-04,2026-08-18 14:00:00,22264,NA
2026-08-04,2026-08-18 14:30:00,22612,NA
2026-08-04,2026-08-18 15:00:00,22787,NA
2026-08-04,2026-08-18 15:30:00,22907,NA
2026-08-04,2026-08-18 16:00:00,24164,NA
2026-08-04,2026-08-18 16:30:00,25711,NA
2026-08-04,2026-08-18 17:00:00,27067,NA
2026-08-04,2026-08-18 17:30:00,27450,NA
2026-08-04,2026-08-18 18:00:00,27967,NA
2026-08-04,2026-08-18 18:30:00,27812,NA
2026-08-04,2026-08-18 19:00:00,27835,NA
2026-08-04,2026-08-18 19:30:00,27846,NA
2026-08-04,2026-08-18 20:00:00,27617,NA
2026-08-04,2026-08-18 20:30:00,27539,NA
2026-08-04,2026-08-18 21:00:00,26737,NA
2026-08-04,2026-08-18 21:30:00,25384,NA
2026-08-04,2026-08-18 22:00:00,24688,NA
2026-08-04,2026-08-18 22:30:00,23046,NA
2026-08-04,2026-08-18 23:00:00,22221,NA
2026-08-05,2026-08-05 09:30:00,NA,11168
2026-08-05,2026-08-05 10:00:00,NA,10967
2026-08-05,2026-08-05 10:30:00,NA,10736
2026-08-05,2026-08-05 11:00:00,NA,10679
2026-08-05,2026-08-05 11:30:00,NA,10800
2026-08-05,2026-08-05 12:00:00,NA,11003
2026-08-05,2026-08-05 12:30:00,NA,11311
2026-08-05,2026-08-05 13:00:00,NA,11618
2026-08-05,2026-08-05 13:30:00,NA,11931
2026-08-05,2026-08-05 14:00:00,NA,12319
2026-08-05,2026-08-05 14:30:00,NA,12820
2026-08-05,2026-08-05 15:00:00,NA,13219
2026-08-05,2026-08-05 15:30:00,NA,13612
2026-08-05,2026-08-05 16:00:00,NA,14154
2026-08-05,2026-08-05 16:30:00,NA,14819
2026-08-05,2026-08-05 17:00:00,NA,15391
2026-08-05,2026-08-05 17:30:00,NA,15843
2026-08-05,2026-08-05 18:00:00,NA,16290
2026-08-05,2026-08-05 18:30:00,NA,16765
2026-08-05,2026-08-05 19:00:00,NA,17068
2026-08-05,2026-08-05 19:30:00,NA,17177
2026-08-05,2026-08-05 20:00:00,NA,17216
2026-08-05,2026-08-05 20:30:00,NA,17232
2026-08-05,2026-08-05 21:00:00,NA,17218
2026-08-05,2026-08-05 21:30:00,NA,17174
2026-08-05,2026-08-05 22:00:00,NA,17108
2026-08-05,2026-08-05 22:30:00,NA,16995
2026-08-05,2026-08-05 23:00:00,NA,16871
2026-08-05,2026-08-05 23:30:00,NA,16728
2026-08-05,2026-08-06,NA,16597
2026-08-05,2026-08-06 00:30:00,NA,16425
2026-08-05,2026-08-06 01:00:00,NA,16232
2026-08-05,2026-08-06 01:30:00,NA,16000
2026-08-05,2026-08-06 02:00:00,NA,15753
2026-08-05,2026-08-06 02:30:00,NA,15490
2026-08-05,2026-08-06 03:00:00,NA,15204
2026-08-05,2026-08-06 03:30:00,NA,14904
2026-08-05,2026-08-06 04:00:00,NA,14572
2026-08-05,2026-08-06 04:30:00,NA,14211
2026-08-05,2026-08-06 05:00:00,NA,13816
2026-08-05,2026-08-06 05:30:00,NA,13403
2026-08-05,2026-08-06 06:00:00,NA,12984
2026-08-05,2026-08-06 06:30:00,NA,12552
2026-08-05,2026-08-06 07:00:00,NA,11739
2026-08-05,2026-08-06 07:30:00,NA,11245
2026-08-05,2026-08-06 08:00:00,NA,10743
2026-08-05,2026-08-06 08:30:00,NA,10235
2026-08-05,2026-08-06 09:00:00,NA,9646
2026-08-05,2026-08-06 09:30:00,NA,9095
2026-08-05,2026-08-06 10:00:00,NA,8541
2026-08-05,2026-08-06 10:30:00,NA,7988
2026-08-05,2026-08-06 11:00:00,NA,7422
2026-08-05,2026-08-06 11:30:00,NA,6851
2026-08-05,2026-08-06 12:00:00,NA,6361
2026-08-05,2026-08-06 12:30:00,NA,5946
2026-08-05,2026-08-06 13:00:00,NA,5599
2026-08-05,2026-08-06 13:30:00,NA,5141
2026-08-05,2026-08-06 14:00:00,NA,4734
2026-08-05,2026-08-06 14:30:00,NA,4359
2026-08-05,2026-08-06 15:00:00,NA,3982
2026-08-05,2026-08-06 15:30:00,NA,3623
2026-08-05,2026-08-06 16:00:00,NA,3297
2026-08-05,2026-08-06 16:30:00,NA,3006
2026-08-05,2026-08-06 17:00:00,NA,2771
2026-08-05,2026-08-06 17:30:00,NA,2537
2026-08-05,2026-08-06 18:00:00,NA,2318
2026-08-05,2026-08-06 18:30:00,NA,2123
2026-08-05,2026-08-06 19:00:00,NA,2024
2026-08-05,2026-08-06 19:30:00,NA,2018
2026-08-05,2026-08-06 20:00:00,NA,2077
2026-08-05,2026-08-06 20:30:00,NA,2206
2026-08-05,2026-08-06 21:00:00,NA,2360
2026-08-05,2026-08-06 21:30:00,NA,2589
2026-08-05,2026-08-06 22:00:00,NA,2822
2026-08-05,2026-08-06 22:30:00,NA,3056
2026-08-05,2026-08-06 23:00:00,NA,3278
2026-08-05,2026-08-06 23:30:00,21737,3476
2026-08-05,2026-08-07,21784,3667
2026-08-05,2026-08-07 00:30:00,21329,3807
2026-08-05,2026-08-07 01:00:00,21090,3955
2026-08-05,2026-08-07 01:30:00,20652,4054
2026-08-05,2026-08-07 02:00:00,20586,4119
2026-08-05,2026-08-07 02:30:00,20375,4130
2026-08-05,2026-08-07 03:00:00,20076,4132
2026-08-05,2026-08-07 03:30:00,19704,4148
2026-08-05,2026-08-07 04:00:00,19599,4179
2026-08-05,2026-08-07 04:30:00,19392,4220
2026-08-05,2026-08-07 05:00:00,19665,4247
2026-08-05,2026-08-07 05:30:00,21158,4258
2026-08-05,2026-08-07 06:00:00,21702,4274
2026-08-05,2026-08-07 06:30:00,23293,4312
2026-08-05,2026-08-07 07:00:00,23856,4429
2026-08-05,2026-08-07 07:30:00,24370,4648
2026-08-05,2026-08-07 08:00:00,23862,4882
2026-08-05,2026-08-07 08:30:00,23197,5118
2026-08-05,2026-08-07 09:00:00,22579,5369
2026-08-05,2026-08-07 09:30:00,22040,5657
2026-08-05,2026-08-07 10:00:00,21859,5915
2026-08-05,2026-08-07 10:30:00,21652,6157
2026-08-05,2026-08-07 11:00:00,21730,6374
2026-08-05,2026-08-07 11:30:00,21693,6577
2026-08-05,2026-08-07 12:00:00,21088,6771
2026-08-05,2026-08-07 12:30:00,20458,6931
2026-08-05,2026-08-07 13:00:00,19817,7054
2026-08-05,2026-08-07 13:30:00,19731,7130
2026-08-05,2026-08-07 14:00:00,19649,7204
2026-08-05,2026-08-07 14:30:00,19133,7269
2026-08-05,2026-08-07 15:00:00,19509,7306
2026-08-05,2026-08-07 15:30:00,20234,7359
2026-08-05,2026-08-07 16:00:00,21251,7422
2026-08-05,2026-08-07 16:30:00,22339,7500
2026-08-05,2026-08-07 17:00:00,23704,7607
2026-08-05,2026-08-07 17:30:00,24521,7716
2026-08-05,2026-08-07 18:00:00,25306,7843
2026-08-05,2026-08-07 18:30:00,25577,8002
2026-08-05,2026-08-07 19:00:00,25800,8175
2026-08-05,2026-08-07 19:30:00,26151,8348
2026-08-05,2026-08-07 20:00:00,25978,8547
2026-08-05,2026-08-07 20:30:00,26108,8739
2026-08-05,2026-08-07 21:00:00,25801,8907
2026-08-05,2026-08-07 21:30:00,24661,9024
2026-08-05,2026-08-07 22:00:00,23526,9058
2026-08-05,2026-08-07 22:30:00,22147,9007
2026-08-05,2026-08-07 23:00:00,21495,8936
2026-08-05,2026-08-07 23:30:00,21160,8827
2026-08-05,2026-08-08,21447,8726
2026-08-05,2026-08-08 00:30:00,20416,8596
2026-08-05,2026-08-08 01:00:00,20119,8485
2026-08-05,2026-08-08 01:30:00,19663,8363
2026-08-05,2026-08-08 02:00:00,19314,8264
2026-08-05,2026-08-08 02:30:00,18706,8138
2026-08-05,2026-08-08 03:00:00,18543,8073
2026-08-05,2026-08-08 03:30:00,18125,8031
2026-08-05,2026-08-08 04:00:00,18156,8000
2026-08-05,2026-08-08 04:30:00,17806,7963
2026-08-05,2026-08-08 05:00:00,17678,8005
2026-08-05,2026-08-08 05:30:00,18415,8070
2026-08-05,2026-08-08 06:00:00,18586,8155
2026-08-05,2026-08-08 06:30:00,18971,8241
2026-08-05,2026-08-08 07:00:00,19010,8345
2026-08-05,2026-08-08 07:30:00,19002,8500
2026-08-05,2026-08-08 08:00:00,18415,8653
2026-08-05,2026-08-08 08:30:00,17847,8828
2026-08-05,2026-08-08 09:00:00,16642,8987
2026-08-05,2026-08-08 09:30:00,16040,9148
2026-08-05,2026-08-08 10:00:00,15467,9292
2026-08-05,2026-08-08 10:30:00,14925,9429
2026-08-05,2026-08-08 11:00:00,14739,9565
2026-08-05,2026-08-08 11:30:00,14356,9680
2026-08-05,2026-08-08 12:00:00,14074,9316
2026-08-05,2026-08-08 12:30:00,13742,9439
2026-08-05,2026-08-08 13:00:00,13149,9822
2026-08-05,2026-08-08 13:30:00,13206,9977
2026-08-05,2026-08-08 14:00:00,13526,10146
2026-08-05,2026-08-08 14:30:00,14006,10296
2026-08-05,2026-08-08 15:00:00,14498,10435
2026-08-05,2026-08-08 15:30:00,15976,10560
2026-08-05,2026-08-08 16:00:00,17402,10650
2026-08-05,2026-08-08 16:30:00,19399,10742
2026-08-05,2026-08-08 17:00:00,21324,10806
2026-08-05,2026-08-08 17:30:00,21963,10871
2026-08-05,2026-08-08 18:00:00,22332,10926
2026-08-05,2026-08-08 18:30:00,23224,10931
2026-08-05,2026-08-08 19:00:00,23294,10960
2026-08-05,2026-08-08 19:30:00,23926,11002
2026-08-05,2026-08-08 20:00:00,23792,11060
2026-08-05,2026-08-08 20:30:00,23479,11124
2026-08-05,2026-08-08 21:00:00,23376,11000
2026-08-05,2026-08-08 21:30:00,22627,10693
2026-08-05,2026-08-08 22:00:00,22103,10417
2026-08-05,2026-08-08 22:30:00,21311,10183
2026-08-05,2026-08-08 23:00:00,20756,10034
2026-08-05,2026-08-08 23:30:00,20619,9971
2026-08-05,2026-08-09,20537,9730
2026-08-05,2026-08-09 00:30:00,19600,9281
2026-08-05,2026-08-09 01:00:00,19511,8894
2026-08-05,2026-08-09 01:30:00,19187,8580
2026-08-05,2026-08-09 02:00:00,18799,8344
2026-08-05,2026-08-09 02:30:00,18675,8170
2026-08-05,2026-08-09 03:00:00,18693,7919
2026-08-05,2026-08-09 03:30:00,18726,7547
2026-08-05,2026-08-09 04:00:00,18209,7244
2026-08-05,2026-08-09 04:30:00,17657,7034
2026-08-05,2026-08-09 05:00:00,17274,6887
2026-08-05,2026-08-09 05:30:00,17801,6800
2026-08-05,2026-08-09 06:00:00,18086,6679
2026-08-05,2026-08-09 06:30:00,18185,6488
2026-08-05,2026-08-09 07:00:00,18236,6357
2026-08-05,2026-08-09 07:30:00,18832,6296
2026-08-05,2026-08-09 08:00:00,19033,6298
2026-08-05,2026-08-09 08:30:00,18760,6372
2026-08-05,2026-08-09 09:00:00,18085,6410
2026-08-05,2026-08-09 09:30:00,17488,6406
2026-08-05,2026-08-09 10:00:00,16845,6457
2026-08-05,2026-08-09 10:30:00,16659,6571
2026-08-05,2026-08-09 11:00:00,16546,6742
2026-08-05,2026-08-09 11:30:00,16261,6927
2026-08-05,2026-08-09 12:00:00,16412,7032
2026-08-05,2026-08-09 12:30:00,16109,7039
2026-08-05,2026-08-09 13:00:00,15969,7076
2026-08-05,2026-08-09 13:30:00,15457,7169
2026-08-05,2026-08-09 14:00:00,15603,7323
2026-08-05,2026-08-09 14:30:00,15973,7520
2026-08-05,2026-08-09 15:00:00,16612,7509
2026-08-05,2026-08-09 15:30:00,17902,7277
2026-08-05,2026-08-09 16:00:00,19281,7130
2026-08-05,2026-08-09 16:30:00,20743,7056
2026-08-05,2026-08-09 17:00:00,21738,7049
2026-08-05,2026-08-09 17:30:00,23496,7125
2026-08-05,2026-08-09 18:00:00,24372,7026
2026-08-05,2026-08-09 18:30:00,25482,6774
2026-08-05,2026-08-09 19:00:00,26411,6636
2026-08-05,2026-08-09 19:30:00,24937,6651
2026-08-05,2026-08-09 20:00:00,24201,6789
2026-08-05,2026-08-09 20:30:00,24595,7076
2026-08-05,2026-08-09 21:00:00,23907,7162
2026-08-05,2026-08-09 21:30:00,23111,7011
2026-08-05,2026-08-09 22:00:00,22311,6969
2026-08-05,2026-08-09 22:30:00,21078,7048
2026-08-05,2026-08-09 23:00:00,20887,7220
2026-08-05,2026-08-09 23:30:00,20494,7510
2026-08-05,2026-08-10,20441,7618
2026-08-05,2026-08-10 00:30:00,19744,7530
2026-08-05,2026-08-10 01:00:00,19847,7486
2026-08-05,2026-08-10 01:30:00,19432,7506
2026-08-05,2026-08-10 02:00:00,19269,7586
2026-08-05,2026-08-10 02:30:00,18703,7744
2026-08-05,2026-08-10 03:00:00,18434,7759
2026-08-05,2026-08-10 03:30:00,18515,7604
2026-08-05,2026-08-10 04:00:00,18354,7487
2026-08-05,2026-08-10 04:30:00,18393,7415
2026-08-05,2026-08-10 05:00:00,18658,7376
2026-08-05,2026-08-10 05:30:00,20094,7380
2026-08-05,2026-08-10 06:00:00,21491,7293
2026-08-05,2026-08-10 06:30:00,22248,7015
2026-08-05,2026-08-10 07:00:00,22634,6857
2026-08-05,2026-08-10 07:30:00,23242,6789
2026-08-05,2026-08-10 08:00:00,23176,6697
2026-08-05,2026-08-10 08:30:00,23155,6657
2026-08-05,2026-08-10 09:00:00,22876,6516
2026-08-05,2026-08-10 09:30:00,22518,6346
2026-08-05,2026-08-10 10:00:00,21839,6230
2026-08-05,2026-08-10 10:30:00,21189,6143
2026-08-05,2026-08-10 11:00:00,20810,6098
2026-08-05,2026-08-10 11:30:00,20462,6086
2026-08-05,2026-08-10 12:00:00,20740,5957
2026-08-05,2026-08-10 12:30:00,20569,5731
2026-08-05,2026-08-10 13:00:00,20618,5557
2026-08-05,2026-08-10 13:30:00,20779,5464
2026-08-05,2026-08-10 14:00:00,21033,5427
2026-08-05,2026-08-10 14:30:00,21003,5435
2026-08-05,2026-08-10 15:00:00,21205,5306
2026-08-05,2026-08-10 15:30:00,22288,4991
2026-08-05,2026-08-10 16:00:00,23495,4763
2026-08-05,2026-08-10 16:30:00,24358,4591
2026-08-05,2026-08-10 17:00:00,25373,4479
2026-08-05,2026-08-10 17:30:00,25951,4443
2026-08-05,2026-08-10 18:00:00,26753,4302
2026-08-05,2026-08-10 18:30:00,27609,4071
2026-08-05,2026-08-10 19:00:00,27994,3894
2026-08-05,2026-08-10 19:30:00,27548,3795
2026-08-05,2026-08-10 20:00:00,27404,3756
2026-08-05,2026-08-10 20:30:00,27239,3786
2026-08-05,2026-08-10 21:00:00,26634,3678
2026-08-05,2026-08-10 21:30:00,25445,3430
2026-08-05,2026-08-10 22:00:00,24691,3246
2026-08-05,2026-08-10 22:30:00,23382,3113
2026-08-05,2026-08-10 23:00:00,22886,3043
2026-08-05,2026-08-10 23:30:00,22653,3054
2026-08-05,2026-08-11,21791,3007
2026-08-05,2026-08-11 00:30:00,21984,2869
2026-08-05,2026-08-11 01:00:00,21754,2757
2026-08-05,2026-08-11 01:30:00,21525,2682
2026-08-05,2026-08-11 02:00:00,21182,2628
2026-08-05,2026-08-11 02:30:00,20597,2590
2026-08-05,2026-08-11 03:00:00,20404,2585
2026-08-05,2026-08-11 03:30:00,20292,2611
2026-08-05,2026-08-11 04:00:00,20100,2654
2026-08-05,2026-08-11 04:30:00,19887,2735
2026-08-05,2026-08-11 05:00:00,20355,2839
2026-08-05,2026-08-11 05:30:00,21639,2966
2026-08-05,2026-08-11 06:00:00,23026,3013
2026-08-05,2026-08-11 06:30:00,24877,2976
2026-08-05,2026-08-11 07:00:00,25599,2972
2026-08-05,2026-08-11 07:30:00,26030,2979
2026-08-05,2026-08-11 08:00:00,25838,3017
2026-08-05,2026-08-11 08:30:00,25479,3077
2026-08-05,2026-08-11 09:00:00,24772,3149
2026-08-05,2026-08-11 09:30:00,24470,3261
2026-08-05,2026-08-11 10:00:00,24151,3399
2026-08-05,2026-08-11 10:30:00,23439,3553
2026-08-05,2026-08-11 11:00:00,22955,3748
2026-08-05,2026-08-11 11:30:00,22675,3960
2026-08-05,2026-08-11 12:00:00,22667,4090
2026-08-05,2026-08-11 12:30:00,22219,4141
2026-08-05,2026-08-11 13:00:00,22140,4227
2026-08-05,2026-08-11 13:30:00,22757,4333
2026-08-05,2026-08-11 14:00:00,23188,4489
2026-08-05,2026-08-11 14:30:00,23225,4668
2026-08-05,2026-08-11 15:00:00,23752,4781
2026-08-05,2026-08-11 15:30:00,23864,5016
2026-08-05,2026-08-11 16:00:00,25301,5532
2026-08-05,2026-08-11 16:30:00,26058,5852
2026-08-05,2026-08-11 17:00:00,27394,6202
2026-08-05,2026-08-11 17:30:00,28586,6586
2026-08-05,2026-08-11 18:00:00,29248,6803
2026-08-05,2026-08-11 18:30:00,29592,6842
2026-08-05,2026-08-11 19:00:00,28938,6922
2026-08-05,2026-08-11 19:30:00,28578,7035
2026-08-05,2026-08-11 20:00:00,28093,7200
2026-08-05,2026-08-11 20:30:00,27921,7386
2026-08-05,2026-08-11 21:00:00,26941,7608
2026-08-05,2026-08-11 21:30:00,26257,7861
2026-08-05,2026-08-11 22:00:00,24773,8161
2026-08-05,2026-08-11 22:30:00,23295,8490
2026-08-05,2026-08-11 23:00:00,22871,8854
2026-08-05,2026-08-11 23:30:00,22625,9247
2026-08-05,2026-08-12,21910,9366
2026-08-05,2026-08-12 00:30:00,21577,9224
2026-08-05,2026-08-12 01:00:00,21219,9092
2026-08-05,2026-08-12 01:30:00,21004,8985
2026-08-05,2026-08-12 02:00:00,20669,8894
2026-08-05,2026-08-12 02:30:00,20088,8829
2026-08-05,2026-08-12 03:00:00,19906,8783
2026-08-05,2026-08-12 03:30:00,19806,8756
2026-08-05,2026-08-12 04:00:00,19621,8771
2026-08-05,2026-08-12 04:30:00,19414,8791
2026-08-05,2026-08-12 05:00:00,19909,8834
2026-08-05,2026-08-12 05:30:00,21245,8916
2026-08-05,2026-08-12 06:00:00,22694,8891
2026-08-05,2026-08-12 06:30:00,24634,8761
2026-08-05,2026-08-12 07:00:00,25432,8650
2026-08-05,2026-08-12 07:30:00,25934,8584
2026-08-05,2026-08-12 08:00:00,25791,8527
2026-08-05,2026-08-12 08:30:00,25476,8499
2026-08-05,2026-08-12 09:00:00,24794,8311
2026-08-05,2026-08-12 09:30:00,24522,8335
2026-08-05,2026-08-12 10:00:00,24223,8385
2026-08-05,2026-08-12 10:30:00,23486,8456
2026-08-05,2026-08-12 11:00:00,23029,8640
2026-08-05,2026-08-12 11:30:00,22660,8749
2026-08-05,2026-08-12 12:00:00,22621,8752
2026-08-05,2026-08-12 12:30:00,22181,8624
2026-08-05,2026-08-12 13:00:00,22130,8554
2026-08-05,2026-08-12 13:30:00,22785,8521
2026-08-05,2026-08-12 14:00:00,23239,8534
2026-08-05,2026-08-12 14:30:00,23282,8604
2026-08-05,2026-08-12 15:00:00,23821,8721
2026-08-05,2026-08-12 15:30:00,23927,8884
2026-08-05,2026-08-12 16:00:00,25361,9078
2026-08-05,2026-08-12 16:30:00,26096,9312
2026-08-05,2026-08-12 17:00:00,27415,9601
2026-08-05,2026-08-12 17:30:00,28587,9901
2026-08-05,2026-08-12 18:00:00,29183,9836
2026-08-05,2026-08-12 18:30:00,29498,9335
2026-08-05,2026-08-12 19:00:00,28845,8851
2026-08-05,2026-08-12 19:30:00,28486,8417
2026-08-05,2026-08-12 20:00:00,28064,8112
2026-08-05,2026-08-12 20:30:00,27959,7932
2026-08-05,2026-08-12 21:00:00,27036,7861
2026-08-05,2026-08-12 21:30:00,26410,7887
2026-08-05,2026-08-12 22:00:00,24971,8042
2026-08-05,2026-08-12 22:30:00,23536,8301
2026-08-05,2026-08-12 23:00:00,23170,8719
2026-08-05,2026-08-12 23:30:00,22784,9228
2026-08-05,2026-08-13,21895,9315
2026-08-05,2026-08-13 00:30:00,21877,8935
2026-08-05,2026-08-13 01:00:00,21577,8574
2026-08-05,2026-08-13 01:30:00,21368,8262
2026-08-05,2026-08-13 02:00:00,21037,8015
2026-08-05,2026-08-13 02:30:00,20455,7817
2026-08-05,2026-08-13 03:00:00,20277,7678
2026-08-05,2026-08-13 03:30:00,20181,7589
2026-08-05,2026-08-13 04:00:00,19998,7552
2026-08-05,2026-08-13 04:30:00,19794,7568
2026-08-05,2026-08-13 05:00:00,20322,7652
2026-08-05,2026-08-13 05:30:00,21697,7807
2026-08-05,2026-08-13 06:00:00,23192,7762
2026-08-05,2026-08-13 06:30:00,25167,7520
2026-08-05,2026-08-13 07:00:00,25973,7314
2026-08-05,2026-08-13 07:30:00,26481,7163
2026-08-05,2026-08-13 08:00:00,26347,6992
2026-08-05,2026-08-13 08:30:00,26040,6931
2026-08-05,2026-08-13 09:00:00,25366,6887
2026-08-05,2026-08-13 09:30:00,23230,6892
2026-08-05,2026-08-13 10:00:00,22603,6930
2026-08-05,2026-08-13 10:30:00,22286,7002
2026-08-05,2026-08-13 11:00:00,21982,7125
2026-08-05,2026-08-13 11:30:00,21814,7272
2026-08-05,2026-08-13 12:00:00,21661,7235
2026-08-05,2026-08-13 12:30:00,21577,7021
2026-08-05,2026-08-13 13:00:00,21543,6842
2026-08-05,2026-08-13 13:30:00,21582,6702
2026-08-05,2026-08-13 14:00:00,21662,6599
2026-08-05,2026-08-13 14:30:00,22110,6530
2026-08-05,2026-08-13 15:00:00,22612,6499
2026-08-05,2026-08-13 15:30:00,22612,6507
2026-08-05,2026-08-13 16:00:00,24500,6538
2026-08-05,2026-08-13 16:30:00,25291,6610
2026-08-05,2026-08-13 17:00:00,26273,6718
2026-08-05,2026-08-13 17:30:00,26652,6919
2026-08-05,2026-08-13 18:00:00,27436,6822
2026-08-05,2026-08-13 18:30:00,27823,6489
2026-08-05,2026-08-13 19:00:00,27698,6200
2026-08-05,2026-08-13 19:30:00,27642,5979
2026-08-05,2026-08-13 20:00:00,27806,5792
2026-08-05,2026-08-13 20:30:00,27729,5665
2026-08-05,2026-08-13 21:00:00,26841,5584
2026-08-05,2026-08-13 21:30:00,25739,5567
2026-08-05,2026-08-13 22:00:00,24903,5603
2026-08-05,2026-08-13 22:30:00,23859,5693
2026-08-05,2026-08-13 23:00:00,22235,5859
2026-08-05,2026-08-13 23:30:00,21939,6085
2026-08-05,2026-08-14,21819,6092
2026-08-05,2026-08-14 00:30:00,21223,5849
2026-08-05,2026-08-14 01:00:00,20952,5630
2026-08-05,2026-08-14 01:30:00,20303,5452
2026-08-05,2026-08-14 02:00:00,19840,5306
2026-08-05,2026-08-14 02:30:00,19494,5180
2026-08-05,2026-08-14 03:00:00,19121,5094
2026-08-05,2026-08-14 03:30:00,19064,5031
2026-08-05,2026-08-14 04:00:00,18888,5002
2026-08-05,2026-08-14 04:30:00,19148,5001
2026-08-05,2026-08-14 05:00:00,19191,5040
2026-08-05,2026-08-14 05:30:00,20588,5123
2026-08-05,2026-08-14 06:00:00,21553,5051
2026-08-05,2026-08-14 06:30:00,23160,4823
2026-08-05,2026-08-14 07:00:00,24018,4625
2026-08-05,2026-08-14 07:30:00,24807,4454
2026-08-05,2026-08-14 08:00:00,24665,4327
2026-08-05,2026-08-14 08:30:00,24365,4232
2026-08-05,2026-08-14 09:00:00,23790,4167
2026-08-05,2026-08-14 09:30:00,23186,4138
2026-08-05,2026-08-14 10:00:00,22572,4137
2026-08-05,2026-08-14 10:30:00,22196,4172
2026-08-05,2026-08-14 11:00:00,22011,4239
2026-08-05,2026-08-14 11:30:00,21890,4346
2026-08-05,2026-08-14 12:00:00,21514,4288
2026-08-05,2026-08-14 12:30:00,21257,4083
2026-08-05,2026-08-14 13:00:00,20661,3936
2026-08-05,2026-08-14 13:30:00,20880,3817
2026-08-05,2026-08-14 14:00:00,20824,3739
2026-08-05,2026-08-14 14:30:00,20665,3700
2026-08-05,2026-08-14 15:00:00,20670,3699
2026-08-05,2026-08-14 15:30:00,21770,3693
2026-08-05,2026-08-14 16:00:00,23010,3767
2026-08-05,2026-08-14 16:30:00,23952,3925
2026-08-05,2026-08-14 17:00:00,25302,4098
2026-08-05,2026-08-14 17:30:00,25582,4290
2026-08-05,2026-08-14 18:00:00,26248,4265
2026-08-05,2026-08-14 18:30:00,26366,4036
2026-08-05,2026-08-14 19:00:00,26000,3849
2026-08-05,2026-08-14 19:30:00,26048,3716
2026-08-05,2026-08-14 20:00:00,26574,3607
2026-08-05,2026-08-14 20:30:00,26215,3555
2026-08-05,2026-08-14 21:00:00,25981,3537
2026-08-05,2026-08-14 21:30:00,25305,3573
2026-08-05,2026-08-14 22:00:00,24045,3646
2026-08-05,2026-08-14 22:30:00,22788,3770
2026-08-05,2026-08-14 23:00:00,21916,3956
2026-08-05,2026-08-14 23:30:00,21661,4183
2026-08-05,2026-08-15,21206,4234
2026-08-05,2026-08-15 00:30:00,20825,4085
2026-08-05,2026-08-15 01:00:00,20484,3962
2026-08-05,2026-08-15 01:30:00,20079,3874
2026-08-05,2026-08-15 02:00:00,19350,3805
2026-08-05,2026-08-15 02:30:00,18975,3776
2026-08-05,2026-08-15 03:00:00,18628,3793
2026-08-05,2026-08-15 03:30:00,18110,3827
2026-08-05,2026-08-15 04:00:00,18162,3887
2026-08-05,2026-08-15 04:30:00,17991,3981
2026-08-05,2026-08-15 05:00:00,17773,4104
2026-08-05,2026-08-15 05:30:00,18438,4269
2026-08-05,2026-08-15 06:00:00,19055,4291
2026-08-05,2026-08-15 06:30:00,20088,4168
2026-08-05,2026-08-15 07:00:00,20397,4080
2026-08-05,2026-08-15 07:30:00,20523,4039
2026-08-05,2026-08-15 08:00:00,20289,3953
2026-08-05,2026-08-15 08:30:00,20099,3964
2026-08-05,2026-08-15 09:00:00,19678,4010
2026-08-05,2026-08-15 09:30:00,19293,4076
2026-08-05,2026-08-15 10:00:00,19069,4175
2026-08-05,2026-08-15 10:30:00,18250,4294
2026-08-05,2026-08-15 11:00:00,17873,4451
2026-08-05,2026-08-15 11:30:00,17847,4619
2026-08-05,2026-08-15 12:00:00,17424,4657
2026-08-05,2026-08-15 12:30:00,17441,4559
2026-08-05,2026-08-15 13:00:00,17145,4499
2026-08-05,2026-08-15 13:30:00,17401,4474
2026-08-05,2026-08-15 14:00:00,17183,4482
2026-08-05,2026-08-15 14:30:00,17461,4541
2026-08-05,2026-08-15 15:00:00,17513,4634
2026-08-05,2026-08-15 15:30:00,18563,4765
2026-08-05,2026-08-15 16:00:00,19710,4936
2026-08-05,2026-08-15 16:30:00,21455,5137
2026-08-05,2026-08-15 17:00:00,23032,5391
2026-08-05,2026-08-15 17:30:00,23784,5678
2026-08-05,2026-08-15 18:00:00,24418,5711
2026-08-05,2026-08-15 18:30:00,24360,5507
2026-08-05,2026-08-15 19:00:00,24516,5339
2026-08-05,2026-08-15 19:30:00,24502,5202
2026-08-05,2026-08-15 20:00:00,24789,5114
2026-08-05,2026-08-15 20:30:00,24576,5065
2026-08-05,2026-08-15 21:00:00,24296,5067
2026-08-05,2026-08-15 21:30:00,23859,5117
2026-08-05,2026-08-15 22:00:00,22821,5213
2026-08-05,2026-08-15 22:30:00,21802,5360
2026-08-05,2026-08-15 23:00:00,21037,5563
2026-08-05,2026-08-15 23:30:00,20935,5813
2026-08-05,2026-08-16,20586,5840
2026-08-05,2026-08-16 00:30:00,20037,5649
2026-08-05,2026-08-16 01:00:00,19743,5479
2026-08-05,2026-08-16 01:30:00,19398,5335
2026-08-05,2026-08-16 02:00:00,18779,5221
2026-08-05,2026-08-16 02:30:00,18241,5134
2026-08-05,2026-08-16 03:00:00,17769,5075
2026-08-05,2026-08-16 03:30:00,17525,5057
2026-08-05,2026-08-16 04:00:00,17366,5062
2026-08-05,2026-08-16 04:30:00,17218,5102
2026-08-05,2026-08-16 05:00:00,16930,5177
2026-08-05,2026-08-16 05:30:00,16951,5274
2026-08-05,2026-08-16 06:00:00,17148,5279
2026-08-05,2026-08-16 06:30:00,17767,5173
2026-08-05,2026-08-16 07:00:00,17751,5091
2026-08-05,2026-08-16 07:30:00,18110,5049
2026-08-05,2026-08-16 08:00:00,17793,5031
2026-08-05,2026-08-16 08:30:00,17943,5046
2026-08-05,2026-08-16 09:00:00,17777,5089
2026-08-05,2026-08-16 09:30:00,17221,5163
2026-08-05,2026-08-16 10:00:00,16824,5265
2026-08-05,2026-08-16 10:30:00,16906,5383
2026-08-05,2026-08-16 11:00:00,17190,5540
2026-08-05,2026-08-16 11:30:00,17777,5714
2026-08-05,2026-08-16 12:00:00,17530,5733
2026-08-05,2026-08-16 12:30:00,17279,5575
2026-08-05,2026-08-16 13:00:00,17076,5465
2026-08-05,2026-08-16 13:30:00,17018,5382
2026-08-05,2026-08-16 14:00:00,17272,5326
2026-08-05,2026-08-16 14:30:00,17570,5314
2026-08-05,2026-08-16 15:00:00,18197,5336
2026-08-05,2026-08-16 15:30:00,19771,5394
2026-08-05,2026-08-16 16:00:00,21142,5494
2026-08-05,2026-08-16 16:30:00,22124,5631
2026-08-05,2026-08-16 17:00:00,23735,5811
2026-08-05,2026-08-16 17:30:00,25001,6018
2026-08-05,2026-08-16 18:00:00,25266,6026
2026-08-05,2026-08-16 18:30:00,25090,5803
2026-08-05,2026-08-16 19:00:00,25066,5642
2026-08-05,2026-08-16 19:30:00,24868,5523
2026-08-05,2026-08-16 20:00:00,25493,5456
2026-08-05,2026-08-16 20:30:00,25577,5429
2026-08-05,2026-08-16 21:00:00,24979,5452
2026-08-05,2026-08-16 21:30:00,23622,5521
2026-08-05,2026-08-16 22:00:00,23125,5639
2026-08-05,2026-08-16 22:30:00,21505,5799
2026-08-05,2026-08-16 23:00:00,20822,5995
2026-08-05,2026-08-16 23:30:00,20701,6250
2026-08-05,2026-08-17,20410,6293
2026-08-05,2026-08-17 00:30:00,20161,6124
2026-08-05,2026-08-17 01:00:00,19911,5992
2026-08-05,2026-08-17 01:30:00,19347,5867
2026-08-05,2026-08-17 02:00:00,19030,5797
2026-08-05,2026-08-17 02:30:00,18421,5751
2026-08-05,2026-08-17 03:00:00,18137,5735
2026-08-05,2026-08-17 03:30:00,18075,5754
2026-08-05,2026-08-17 04:00:00,18153,5802
2026-08-05,2026-08-17 04:30:00,18279,5864
2026-08-05,2026-08-17 05:00:00,18584,5958
2026-08-05,2026-08-17 05:30:00,20040,6088
2026-08-05,2026-08-17 06:00:00,21088,6073
2026-08-05,2026-08-17 06:30:00,23114,5903
2026-08-05,2026-08-17 07:00:00,23858,5765
2026-08-05,2026-08-17 07:30:00,24832,5663
2026-08-05,2026-08-17 08:00:00,24928,5577
2026-08-05,2026-08-17 08:30:00,24361,5525
2026-08-05,2026-08-17 09:00:00,23882,5504
2026-08-05,2026-08-17 09:30:00,23211,5521
2026-08-05,2026-08-17 10:00:00,22709,5569
2026-08-05,2026-08-17 10:30:00,22249,5637
2026-08-05,2026-08-17 11:00:00,22113,5754
2026-08-05,2026-08-17 11:30:00,22037,5886
2026-08-05,2026-08-17 12:00:00,21875,5881
2026-08-05,2026-08-17 12:30:00,21799,5739
2026-08-05,2026-08-17 13:00:00,21366,5620
2026-08-05,2026-08-17 13:30:00,21634,5550
2026-08-05,2026-08-17 14:00:00,22084,5494
2026-08-05,2026-08-17 14:30:00,22271,5481
2026-08-05,2026-08-17 15:00:00,22486,5493
2026-08-05,2026-08-17 15:30:00,22842,5542
2026-08-05,2026-08-17 16:00:00,24254,5625
2026-08-05,2026-08-17 16:30:00,25254,5722
2026-08-05,2026-08-17 17:00:00,26985,5848
2026-08-05,2026-08-17 17:30:00,27353,5990
2026-08-05,2026-08-17 18:00:00,27935,5964
2026-08-05,2026-08-17 18:30:00,27686,5752
2026-08-05,2026-08-17 19:00:00,27402,5595
2026-08-05,2026-08-17 19:30:00,27874,5479
2026-08-05,2026-08-17 20:00:00,28223,5400
2026-08-05,2026-08-17 20:30:00,27633,5364
2026-08-05,2026-08-17 21:00:00,26734,5372
2026-08-05,2026-08-17 21:30:00,25387,5415
2026-08-05,2026-08-17 22:00:00,24105,5500
2026-08-05,2026-08-17 22:30:00,22913,5623
2026-08-05,2026-08-17 23:00:00,21956,5790
2026-08-05,2026-08-17 23:30:00,21826,5981
2026-08-05,2026-08-18,21411,6027
2026-08-05,2026-08-18 00:30:00,20892,5902
2026-08-05,2026-08-18 01:00:00,20936,5804
2026-08-05,2026-08-18 01:30:00,20232,5719
2026-08-05,2026-08-18 02:00:00,19789,5663
2026-08-05,2026-08-18 02:30:00,19375,5631
2026-08-05,2026-08-18 03:00:00,19222,5628
2026-08-05,2026-08-18 03:30:00,18998,5646
2026-08-05,2026-08-18 04:00:00,18906,5703
2026-08-05,2026-08-18 04:30:00,19074,5786
2026-08-05,2026-08-18 05:00:00,19660,5903
2026-08-05,2026-08-18 05:30:00,20847,6042
2026-08-05,2026-08-18 06:00:00,21833,6033
2026-08-05,2026-08-18 06:30:00,23727,5891
2026-08-05,2026-08-18 07:00:00,24696,5785
2026-08-05,2026-08-18 07:30:00,25834,5690
2026-08-05,2026-08-18 08:00:00,25756,5621
2026-08-05,2026-08-18 08:30:00,25645,5504
2026-08-05,2026-08-18 09:00:00,24559,5496
2026-08-05,2026-08-18 09:30:00,23728,5517
2026-08-05,2026-08-18 10:00:00,23354,5561
2026-08-05,2026-08-18 10:30:00,22586,5638
2026-08-05,2026-08-18 11:00:00,22114,5744
2026-08-05,2026-08-18 11:30:00,22117,5862
2026-08-05,2026-08-18 12:00:00,21834,5866
2026-08-05,2026-08-18 12:30:00,21745,5747
2026-08-05,2026-08-18 13:00:00,21538,5671
2026-08-05,2026-08-18 13:30:00,21715,5714
2026-08-05,2026-08-18 14:00:00,22264,5692
2026-08-05,2026-08-18 14:30:00,22611,5705
2026-08-05,2026-08-18 15:00:00,22786,5754
2026-08-05,2026-08-18 15:30:00,22906,5831
2026-08-05,2026-08-18 16:00:00,24160,5954
2026-08-05,2026-08-18 16:30:00,25704,6111
2026-08-05,2026-08-18 17:00:00,27057,6297
2026-08-05,2026-08-18 17:30:00,27481,6531
2026-08-05,2026-08-18 18:00:00,28039,6518
2026-08-05,2026-08-18 18:30:00,27923,6280
2026-08-05,2026-08-18 19:00:00,27987,6086
2026-08-05,2026-08-18 19:30:00,28040,5931
2026-08-05,2026-08-18 20:00:00,27783,5824
2026-08-05,2026-08-18 20:30:00,27678,5744
2026-08-05,2026-08-18 21:00:00,26845,5731
2026-08-05,2026-08-18 21:30:00,25459,5745
2026-08-05,2026-08-18 22:00:00,24732,5812
2026-08-05,2026-08-18 22:30:00,23058,5918
2026-08-05,2026-08-18 23:00:00,22203,6074
2026-08-05,2026-08-18 23:30:00,22007,6275
2026-08-05,2026-08-19,21532,6295
2026-08-05,2026-08-19 00:30:00,20952,6133
2026-08-05,2026-08-19 01:00:00,20937,5990
2026-08-05,2026-08-19 01:30:00,20233,5885
2026-08-05,2026-08-19 02:00:00,19792,5808
2026-08-05,2026-08-19 02:30:00,19379,5760
2026-08-05,2026-08-19 03:00:00,19227,5740
2026-08-05,2026-08-19 03:30:00,19004,5764
2026-08-05,2026-08-19 04:00:00,18913,5792
2026-08-05,2026-08-19 04:30:00,19080,5856
2026-08-05,2026-08-19 05:00:00,19668,5944
2026-08-05,2026-08-19 05:30:00,20859,6049
2026-08-05,2026-08-19 06:00:00,21852,6029
2026-08-05,2026-08-19 06:30:00,23754,5865
2026-08-05,2026-08-19 07:00:00,24730,5716
2026-08-05,2026-08-19 07:30:00,25873,5613
2026-08-05,2026-08-19 08:00:00,25799,5534
2026-08-05,2026-08-19 08:30:00,25691,5372
2026-08-05,2026-08-19 09:00:00,24604,5362
2026-08-05,2026-08-19 09:30:00,23770,NA
2026-08-05,2026-08-19 10:00:00,23396,NA
2026-08-05,2026-08-19 10:30:00,22635,NA
2026-08-05,2026-08-19 11:00:00,22169,NA
2026-08-05,2026-08-19 11:30:00,22183,NA
2026-08-05,2026-08-19 12:00:00,21901,NA
2026-08-05,2026-08-19 12:30:00,21811,NA
2026-08-05,2026-08-19 13:00:00,21603,NA
2026-08-05,2026-08-19 13:30:00,21784,NA
2026-08-05,2026-08-19 14:00:00,22331,NA
2026-08-05,2026-08-19 14:30:00,22679,NA
2026-08-05,2026-08-19 15:00:00,22853,NA
2026-08-05,2026-08-19 15:30:00,22972,NA
2026-08-05,2026-08-19 16:00:00,24230,NA
2026-08-05,2026-08-19 16:30:00,25778,NA
2026-08-05,2026-08-19 17:00:00,27131,NA
2026-08-05,2026-08-19 17:30:00,27554,NA
2026-08-05,2026-08-19 18:00:00,28107,NA
2026-08-05,2026-08-19 18:30:00,27983,NA
2026-08-05,2026-08-19 19:00:00,28044,NA
2026-08-05,2026-08-19 19:30:00,28090,NA
2026-08-05,2026-08-19 20:00:00,27822,NA
2026-08-05,2026-08-19 20:30:00,27711,NA
2026-08-05,2026-08-19 21:00:00,26871,NA
2026-08-05,2026-08-19 21:30:00,25479,NA
2026-08-05,2026-08-19 22:00:00,24746,NA
2026-08-05,2026-08-19 22:30:00,23066,NA
2026-08-05,2026-08-19 23:00:00,22206,NA
2026-08-06,2026-08-06 07:30:00,NA,9630
2026-08-06,2026-08-06 08:00:00,NA,9405
2026-08-06,2026-08-06 08:30:00,NA,9187
2026-08-06,2026-08-06 09:00:00,NA,8754
2026-08-06,2026-08-06 09:30:00,NA,8164
2026-08-06,2026-08-06 10:00:00,NA,7536
2026-08-06,2026-08-06 10:30:00,NA,6909
2026-08-06,2026-08-06 11:00:00,NA,6367
2026-08-06,2026-08-06 11:30:00,NA,5870
2026-08-06,2026-08-06 12:00:00,NA,5443
2026-08-06,2026-08-06 12:30:00,NA,5101
2026-08-06,2026-08-06 13:00:00,NA,4733
2026-08-06,2026-08-06 13:30:00,NA,4334
2026-08-06,2026-08-06 14:00:00,NA,4020
2026-08-06,2026-08-06 14:30:00,NA,3726
2026-08-06,2026-08-06 15:00:00,NA,3419
2026-08-06,2026-08-06 15:30:00,NA,3155
2026-08-06,2026-08-06 16:00:00,NA,2915
2026-08-06,2026-08-06 16:30:00,NA,2730
2026-08-06,2026-08-06 17:00:00,NA,2600
2026-08-06,2026-08-06 17:30:00,NA,2454
2026-08-06,2026-08-06 18:00:00,NA,2341
2026-08-06,2026-08-06 18:30:00,NA,2265
2026-08-06,2026-08-06 19:00:00,NA,2261
2026-08-06,2026-08-06 19:30:00,NA,2333
2026-08-06,2026-08-06 20:00:00,NA,2437
2026-08-06,2026-08-06 20:30:00,NA,2605
2026-08-06,2026-08-06 21:00:00,NA,2810
2026-08-06,2026-08-06 21:30:00,NA,3073
2026-08-06,2026-08-06 22:00:00,NA,3363
2026-08-06,2026-08-06 22:30:00,NA,3629
2026-08-06,2026-08-06 23:00:00,NA,3883
2026-08-06,2026-08-06 23:30:00,NA,4109
2026-08-06,2026-08-07,NA,4288
2026-08-06,2026-08-07 00:30:00,NA,4405
2026-08-06,2026-08-07 01:00:00,NA,4521
2026-08-06,2026-08-07 01:30:00,NA,4649
2026-08-06,2026-08-07 02:00:00,NA,4747
2026-08-06,2026-08-07 02:30:00,NA,4809
2026-08-06,2026-08-07 03:00:00,NA,4862
2026-08-06,2026-08-07 03:30:00,NA,4887
2026-08-06,2026-08-07 04:00:00,NA,4927
2026-08-06,2026-08-07 04:30:00,NA,4982
2026-08-06,2026-08-07 05:00:00,NA,5057
2026-08-06,2026-08-07 05:30:00,NA,5141
2026-08-06,2026-08-07 06:00:00,NA,5265
2026-08-06,2026-08-07 06:30:00,NA,5420
2026-08-06,2026-08-07 07:00:00,NA,5609
2026-08-06,2026-08-07 07:30:00,NA,5850
2026-08-06,2026-08-07 08:00:00,NA,6128
2026-08-06,2026-08-07 08:30:00,NA,6397
2026-08-06,2026-08-07 09:00:00,NA,6665
2026-08-06,2026-08-07 09:30:00,NA,6944
2026-08-06,2026-08-07 10:00:00,NA,7235
2026-08-06,2026-08-07 10:30:00,NA,7529
2026-08-06,2026-08-07 11:00:00,NA,7787
2026-08-06,2026-08-07 11:30:00,NA,8027
2026-08-06,2026-08-07 12:00:00,NA,8176
2026-08-06,2026-08-07 12:30:00,NA,8255
2026-08-06,2026-08-07 13:00:00,NA,8310
2026-08-06,2026-08-07 13:30:00,NA,8359
2026-08-06,2026-08-07 14:00:00,NA,8346
2026-08-06,2026-08-07 14:30:00,NA,8312
2026-08-06,2026-08-07 15:00:00,NA,8265
2026-08-06,2026-08-07 15:30:00,NA,8221
2026-08-06,2026-08-07 16:00:00,NA,8193
2026-08-06,2026-08-07 16:30:00,NA,8174
2026-08-06,2026-08-07 17:00:00,NA,8181
2026-08-06,2026-08-07 17:30:00,NA,8194
2026-08-06,2026-08-07 18:00:00,NA,8262
2026-08-06,2026-08-07 18:30:00,NA,8362
2026-08-06,2026-08-07 19:00:00,NA,8500
2026-08-06,2026-08-07 19:30:00,NA,8644
2026-08-06,2026-08-07 20:00:00,NA,8805
2026-08-06,2026-08-07 20:30:00,NA,8977
2026-08-06,2026-08-07 21:00:00,NA,9078
2026-08-06,2026-08-07 21:30:00,NA,9107
2026-08-06,2026-08-07 22:00:00,NA,9092
2026-08-06,2026-08-07 22:30:00,NA,9066
2026-08-06,2026-08-07 23:00:00,NA,9020
2026-08-06,2026-08-07 23:30:00,20655,8951
2026-08-06,2026-08-08,20546,8858
2026-08-06,2026-08-08 00:30:00,20185,8745
2026-08-06,2026-08-08 01:00:00,20021,8622
2026-08-06,2026-08-08 01:30:00,19534,8467
2026-08-06,2026-08-08 02:00:00,19158,8333
2026-08-06,2026-08-08 02:30:00,18519,8188
2026-08-06,2026-08-08 03:00:00,18325,8043
2026-08-06,2026-08-08 03:30:00,17879,7904
2026-08-06,2026-08-08 04:00:00,17880,7797
2026-08-06,2026-08-08 04:30:00,17504,7728
2026-08-06,2026-08-08 05:00:00,17383,7685
2026-08-06,2026-08-08 05:30:00,17986,7677
2026-08-06,2026-08-08 06:00:00,18021,7697
2026-08-06,2026-08-08 06:30:00,18299,7687
2026-08-06,2026-08-08 07:00:00,18145,7764
2026-08-06,2026-08-08 07:30:00,17991,7917
2026-08-06,2026-08-08 08:00:00,17257,8078
2026-08-06,2026-08-08 08:30:00,16492,8269
2026-08-06,2026-08-08 09:00:00,15247,8448
2026-08-06,2026-08-08 09:30:00,14596,8626
2026-08-06,2026-08-08 10:00:00,13950,8792
2026-08-06,2026-08-08 10:30:00,13352,8944
2026-08-06,2026-08-08 11:00:00,13158,9083
2026-08-06,2026-08-08 11:30:00,13074,9214
2026-08-06,2026-08-08 12:00:00,13011,8785
2026-08-06,2026-08-08 12:30:00,12660,8915
2026-08-06,2026-08-08 13:00:00,12009,9317
2026-08-06,2026-08-08 13:30:00,12014,9385
2026-08-06,2026-08-08 14:00:00,12326,9506
2026-08-06,2026-08-08 14:30:00,12797,9668
2026-08-06,2026-08-08 15:00:00,13306,9775
2026-08-06,2026-08-08 15:30:00,14687,9785
2026-08-06,2026-08-08 16:00:00,16168,9842
2026-08-06,2026-08-08 16:30:00,18168,9934
2026-08-06,2026-08-08 17:00:00,20189,9976
2026-08-06,2026-08-08 17:30:00,20966,9991
2026-08-06,2026-08-08 18:00:00,21589,10053
2026-08-06,2026-08-08 18:30:00,22644,10133
2026-08-06,2026-08-08 19:00:00,22814,10177
2026-08-06,2026-08-08 19:30:00,23656,10213
2026-08-06,2026-08-08 20:00:00,23601,10243
2026-08-06,2026-08-08 20:30:00,23399,10272
2026-08-06,2026-08-08 21:00:00,23371,10226
2026-08-06,2026-08-08 21:30:00,22658,10145
2026-08-06,2026-08-08 22:00:00,22124,9996
2026-08-06,2026-08-08 22:30:00,21347,9767
2026-08-06,2026-08-08 23:00:00,20838,9549
2026-08-06,2026-08-08 23:30:00,20616,9332
2026-08-06,2026-08-09,20551,9066
2026-08-06,2026-08-09 00:30:00,19789,8805
2026-08-06,2026-08-09 01:00:00,19726,8533
2026-08-06,2026-08-09 01:30:00,19341,8274
2026-08-06,2026-08-09 02:00:00,18904,7996
2026-08-06,2026-08-09 02:30:00,18765,7707
2026-08-06,2026-08-09 03:00:00,18789,7408
2026-08-06,2026-08-09 03:30:00,18799,7103
2026-08-06,2026-08-09 04:00:00,18228,6835
2026-08-06,2026-08-09 04:30:00,17629,6562
2026-08-06,2026-08-09 05:00:00,17254,6327
2026-08-06,2026-08-09 05:30:00,17812,6114
2026-08-06,2026-08-09 06:00:00,17898,5896
2026-08-06,2026-08-09 06:30:00,17916,5665
2026-08-06,2026-08-09 07:00:00,17638,5495
2026-08-06,2026-08-09 07:30:00,17994,5394
2026-08-06,2026-08-09 08:00:00,17923,5324
2026-08-06,2026-08-09 08:30:00,17331,5295
2026-08-06,2026-08-09 09:00:00,16307,5252
2026-08-06,2026-08-09 09:30:00,15588,5205
2026-08-06,2026-08-09 10:00:00,14920,5185
2026-08-06,2026-08-09 10:30:00,14555,5199
2026-08-06,2026-08-09 11:00:00,14380,5235
2026-08-06,2026-08-09 11:30:00,14322,5297
2026-08-06,2026-08-09 12:00:00,14774,5294
2026-08-06,2026-08-09 12:30:00,14505,5228
2026-08-06,2026-08-09 13:00:00,14483,5235
2026-08-06,2026-08-09 13:30:00,14093,5306
2026-08-06,2026-08-09 14:00:00,14464,5426
2026-08-06,2026-08-09 14:30:00,15060,5630
2026-08-06,2026-08-09 15:00:00,16024,5696
2026-08-06,2026-08-09 15:30:00,17363,5645
2026-08-06,2026-08-09 16:00:00,18957,5659
2026-08-06,2026-08-09 16:30:00,20647,5745
2026-08-06,2026-08-09 17:00:00,21820,5863
2026-08-06,2026-08-09 17:30:00,23717,6009
2026-08-06,2026-08-09 18:00:00,24695,5995
2026-08-06,2026-08-09 18:30:00,25811,5835
2026-08-06,2026-08-09 19:00:00,26721,5776
2026-08-06,2026-08-09 19:30:00,25195,5831
2026-08-06,2026-08-09 20:00:00,24472,5960
2026-08-06,2026-08-09 20:30:00,24926,6179
2026-08-06,2026-08-09 21:00:00,24251,6176
2026-08-06,2026-08-09 21:30:00,23476,5919
2026-08-06,2026-08-09 22:00:00,22704,5781
2026-08-06,2026-08-09 22:30:00,21499,5751
2026-08-06,2026-08-09 23:00:00,21362,5855
2026-08-06,2026-08-09 23:30:00,21024,6115
2026-08-06,2026-08-10,20597,6240
2026-08-06,2026-08-10 00:30:00,20309,6135
2026-08-06,2026-08-10 01:00:00,20407,6090
2026-08-06,2026-08-10 01:30:00,19943,6137
2026-08-06,2026-08-10 02:00:00,19728,6246
2026-08-06,2026-08-10 02:30:00,19127,6443
2026-08-06,2026-08-10 03:00:00,18831,6490
2026-08-06,2026-08-10 03:30:00,18884,6350
2026-08-06,2026-08-10 04:00:00,18680,6281
2026-08-06,2026-08-10 04:30:00,18698,6251
2026-08-06,2026-08-10 05:00:00,18960,6265
2026-08-06,2026-08-10 05:30:00,20461,6314
2026-08-06,2026-08-10 06:00:00,21823,6259
2026-08-06,2026-08-10 06:30:00,22653,6013
2026-08-06,2026-08-10 07:00:00,22917,5870
2026-08-06,2026-08-10 07:30:00,23480,5808
2026-08-06,2026-08-10 08:00:00,23370,5740
2026-08-06,2026-08-10 08:30:00,23275,5725
2026-08-06,2026-08-10 09:00:00,22906,5559
2026-08-06,2026-08-10 09:30:00,22545,5308
2026-08-06,2026-08-10 10:00:00,21820,5134
2026-08-06,2026-08-10 10:30:00,21100,5021
2026-08-06,2026-08-10 11:00:00,20626,4954
2026-08-06,2026-08-10 11:30:00,20180,4927
2026-08-06,2026-08-10 12:00:00,20309,4797
2026-08-06,2026-08-10 12:30:00,19926,4570
2026-08-06,2026-08-10 13:00:00,19805,4433
2026-08-06,2026-08-10 13:30:00,19865,4368
2026-08-06,2026-08-10 14:00:00,20109,4371
2026-08-06,2026-08-10 14:30:00,20174,4439
2026-08-06,2026-08-10 15:00:00,20625,4346
2026-08-06,2026-08-10 15:30:00,21901,4096
2026-08-06,2026-08-10 16:00:00,23378,3913
2026-08-06,2026-08-10 16:30:00,24591,3791
2026-08-06,2026-08-10 17:00:00,25871,3717
2026-08-06,2026-08-10 17:30:00,26689,3729
2026-08-06,2026-08-10 18:00:00,27675,3627
2026-08-06,2026-08-10 18:30:00,28824,3393
2026-08-06,2026-08-10 19:00:00,29237,3209
2026-08-06,2026-08-10 19:30:00,28654,3102
2026-08-06,2026-08-10 20:00:00,28252,3059
2026-08-06,2026-08-10 20:30:00,27776,3098
2026-08-06,2026-08-10 21:00:00,26905,3029
2026-08-06,2026-08-10 21:30:00,25687,2832
2026-08-06,2026-08-10 22:00:00,25015,2685
2026-08-06,2026-08-10 22:30:00,23778,2582
2026-08-06,2026-08-10 23:00:00,23332,2536
2026-08-06,2026-08-10 23:30:00,22966,2540
2026-08-06,2026-08-11,22113,2483
2026-08-06,2026-08-11 00:30:00,22444,2331
2026-08-06,2026-08-11 01:00:00,22286,2217
2026-08-06,2026-08-11 01:30:00,22063,2136
2026-08-06,2026-08-11 02:00:00,21734,2094
2026-08-06,2026-08-11 02:30:00,21122,2088
2026-08-06,2026-08-11 03:00:00,20903,2053
2026-08-06,2026-08-11 03:30:00,20781,1959
2026-08-06,2026-08-11 04:00:00,20591,1898
2026-08-06,2026-08-11 04:30:00,20391,1895
2026-08-06,2026-08-11 05:00:00,20727,1927
2026-08-06,2026-08-11 05:30:00,21877,1996
2026-08-06,2026-08-11 06:00:00,22959,2019
2026-08-06,2026-08-11 06:30:00,24285,1993
2026-08-06,2026-08-11 07:00:00,24864,1998
2026-08-06,2026-08-11 07:30:00,25322,2044
2026-08-06,2026-08-11 08:00:00,24940,2109
2026-08-06,2026-08-11 08:30:00,24363,2218
2026-08-06,2026-08-11 09:00:00,23339,2279
2026-08-06,2026-08-11 09:30:00,22641,2309
2026-08-06,2026-08-11 10:00:00,22060,2351
2026-08-06,2026-08-11 10:30:00,21293,2462
2026-08-06,2026-08-11 11:00:00,20799,2625
2026-08-06,2026-08-11 11:30:00,20685,2813
2026-08-06,2026-08-11 12:00:00,20869,2940
2026-08-06,2026-08-11 12:30:00,20649,3019
2026-08-06,2026-08-11 13:00:00,20737,3131
2026-08-06,2026-08-11 13:30:00,21410,3258
2026-08-06,2026-08-11 14:00:00,21830,3435
2026-08-06,2026-08-11 14:30:00,21767,3619
2026-08-06,2026-08-11 15:00:00,22274,3789
2026-08-06,2026-08-11 15:30:00,22431,4036
2026-08-06,2026-08-11 16:00:00,23735,4556
2026-08-06,2026-08-11 16:30:00,24321,4900
2026-08-06,2026-08-11 17:00:00,25673,5263
2026-08-06,2026-08-11 17:30:00,26799,5659
2026-08-06,2026-08-11 18:00:00,27443,5895
2026-08-06,2026-08-11 18:30:00,28058,5956
2026-08-06,2026-08-11 19:00:00,27813,6061
2026-08-06,2026-08-11 19:30:00,27868,6201
2026-08-06,2026-08-11 20:00:00,27774,6361
2026-08-06,2026-08-11 20:30:00,27986,6574
2026-08-06,2026-08-11 21:00:00,27302,6828
2026-08-06,2026-08-11 21:30:00,26684,7118
2026-08-06,2026-08-11 22:00:00,25216,7442
2026-08-06,2026-08-11 22:30:00,23750,7818
2026-08-06,2026-08-11 23:00:00,23346,8231
2026-08-06,2026-08-11 23:30:00,22957,8667
2026-08-06,2026-08-12,22827,8852
2026-08-06,2026-08-12 00:30:00,21989,8765
2026-08-06,2026-08-12 01:00:00,21680,8697
2026-08-06,2026-08-12 01:30:00,21458,8640
2026-08-06,2026-08-12 02:00:00,21118,8601
2026-08-06,2026-08-12 02:30:00,20529,8568
2026-08-06,2026-08-12 03:00:00,20347,8548
2026-08-06,2026-08-12 03:30:00,20249,8547
2026-08-06,2026-08-12 04:00:00,20068,8560
2026-08-06,2026-08-12 04:30:00,19867,8595
2026-08-06,2026-08-12 05:00:00,20343,8642
2026-08-06,2026-08-12 05:30:00,21668,8714
2026-08-06,2026-08-12 06:00:00,23108,8672
2026-08-06,2026-08-12 06:30:00,25034,8539
2026-08-06,2026-08-12 07:00:00,25808,8422
2026-08-06,2026-08-12 07:30:00,26289,8316
2026-08-06,2026-08-12 08:00:00,26129,8233
2026-08-06,2026-08-12 08:30:00,25801,8177
2026-08-06,2026-08-12 09:00:00,25112,7891
2026-08-06,2026-08-12 09:30:00,24837,7877
2026-08-06,2026-08-12 10:00:00,24538,7864
2026-08-06,2026-08-12 10:30:00,23848,7885
2026-08-06,2026-08-12 11:00:00,23411,8027
2026-08-06,2026-08-12 11:30:00,23126,8070
2026-08-06,2026-08-12 12:00:00,23141,8067
2026-08-06,2026-08-12 12:30:00,22731,8017
2026-08-06,2026-08-12 13:00:00,22680,7988
2026-08-06,2026-08-12 13:30:00,23336,7991
2026-08-06,2026-08-12 14:00:00,23796,8021
2026-08-06,2026-08-12 14:30:00,23849,8091
2026-08-06,2026-08-12 15:00:00,24402,8162
2026-08-06,2026-08-12 15:30:00,24525,8273
2026-08-06,2026-08-12 16:00:00,25943,8395
2026-08-06,2026-08-12 16:30:00,26665,8550
2026-08-06,2026-08-12 17:00:00,27976,8736
2026-08-06,2026-08-12 17:30:00,29140,8930
2026-08-06,2026-08-12 18:00:00,29793,8844
2026-08-06,2026-08-12 18:30:00,30161,8489
2026-08-06,2026-08-12 19:00:00,29552,8152
2026-08-06,2026-08-12 19:30:00,29233,7904
2026-08-06,2026-08-12 20:00:00,28818,7697
2026-08-06,2026-08-12 20:30:00,28720,7562
2026-08-06,2026-08-12 21:00:00,27801,7465
2026-08-06,2026-08-12 21:30:00,27179,7424
2026-08-06,2026-08-12 22:00:00,25741,7446
2026-08-06,2026-08-12 22:30:00,24304,7527
2026-08-06,2026-08-12 23:00:00,23945,7675
2026-08-06,2026-08-12 23:30:00,23690,7903
2026-08-06,2026-08-13,23241,7724
2026-08-06,2026-08-13 00:30:00,22699,7107
2026-08-06,2026-08-13 01:00:00,22374,6562
2026-08-06,2026-08-13 01:30:00,22186,6103
2026-08-06,2026-08-13 02:00:00,21871,5748
2026-08-06,2026-08-13 02:30:00,21300,5481
2026-08-06,2026-08-13 03:00:00,21136,5282
2026-08-06,2026-08-13 03:30:00,21054,5142
2026-08-06,2026-08-13 04:00:00,20886,5087
2026-08-06,2026-08-13 04:30:00,20693,5138
2026-08-06,2026-08-13 05:00:00,21173,5272
2026-08-06,2026-08-13 05:30:00,22514,5523
2026-08-06,2026-08-13 06:00:00,23975,5547
2026-08-06,2026-08-13 06:30:00,25924,5314
2026-08-06,2026-08-13 07:00:00,26694,5129
2026-08-06,2026-08-13 07:30:00,27167,4975
2026-08-06,2026-08-13 08:00:00,26992,4830
2026-08-06,2026-08-13 08:30:00,26646,4775
2026-08-06,2026-08-13 09:00:00,25932,4743
2026-08-06,2026-08-13 09:30:00,25042,4758
2026-08-06,2026-08-13 10:00:00,24698,4806
2026-08-06,2026-08-13 10:30:00,23929,4888
2026-08-06,2026-08-13 11:00:00,23501,5013
2026-08-06,2026-08-13 11:30:00,23072,5178
2026-08-06,2026-08-13 12:00:00,23028,5170
2026-08-06,2026-08-13 12:30:00,22547,5007
2026-08-06,2026-08-13 13:00:00,22394,4889
2026-08-06,2026-08-13 13:30:00,22981,4799
2026-08-06,2026-08-13 14:00:00,23374,4750
2026-08-06,2026-08-13 14:30:00,23379,4741
2026-08-06,2026-08-13 15:00:00,23885,4763
2026-08-06,2026-08-13 15:30:00,24000,4813
2026-08-06,2026-08-13 16:00:00,25125,4892
2026-08-06,2026-08-13 16:30:00,25930,5008
2026-08-06,2026-08-13 17:00:00,27162,5155
2026-08-06,2026-08-13 17:30:00,28266,5371
2026-08-06,2026-08-13 18:00:00,29153,5295
2026-08-06,2026-08-13 18:30:00,29678,4996
2026-08-06,2026-08-13 19:00:00,29187,4741
2026-08-06,2026-08-13 19:30:00,28965,4543
2026-08-06,2026-08-13 20:00:00,28545,4417
2026-08-06,2026-08-13 20:30:00,28423,4329
2026-08-06,2026-08-13 21:00:00,27498,4298
2026-08-06,2026-08-13 21:30:00,26870,4302
2026-08-06,2026-08-13 22:00:00,25441,4369
2026-08-06,2026-08-13 22:30:00,24019,4498
2026-08-06,2026-08-13 23:00:00,23686,4700
2026-08-06,2026-08-13 23:30:00,23229,4987
2026-08-06,2026-08-14,22816,5023
2026-08-06,2026-08-14 00:30:00,22542,4803
2026-08-06,2026-08-14 01:00:00,22151,4612
2026-08-06,2026-08-14 01:30:00,21652,4460
2026-08-06,2026-08-14 02:00:00,21548,4343
2026-08-06,2026-08-14 02:30:00,21291,4254
2026-08-06,2026-08-14 03:00:00,20940,4205
2026-08-06,2026-08-14 03:30:00,20513,4189
2026-08-06,2026-08-14 04:00:00,20370,4212
2026-08-06,2026-08-14 04:30:00,20128,4275
2026-08-06,2026-08-14 05:00:00,20475,4393
2026-08-06,2026-08-14 05:30:00,22043,4555
2026-08-06,2026-08-14 06:00:00,23186,4541
2026-08-06,2026-08-14 06:30:00,25379,4337
2026-08-06,2026-08-14 07:00:00,26273,4176
2026-08-06,2026-08-14 07:30:00,26952,4062
2026-08-06,2026-08-14 08:00:00,26686,3988
2026-08-06,2026-08-14 08:30:00,26330,3947
2026-08-06,2026-08-14 09:00:00,25834,3937
2026-08-06,2026-08-14 09:30:00,25210,3955
2026-08-06,2026-08-14 10:00:00,24502,4015
2026-08-06,2026-08-14 10:30:00,23813,4120
2026-08-06,2026-08-14 11:00:00,23505,4265
2026-08-06,2026-08-14 11:30:00,23107,4418
2026-08-06,2026-08-14 12:00:00,22486,4402
2026-08-06,2026-08-14 12:30:00,21934,4210
2026-08-06,2026-08-14 13:00:00,21441,4053
2026-08-06,2026-08-14 13:30:00,21659,3942
2026-08-06,2026-08-14 14:00:00,21799,3887
2026-08-06,2026-08-14 14:30:00,21501,3851
2026-08-06,2026-08-14 15:00:00,21953,3862
2026-08-06,2026-08-14 15:30:00,22843,3870
2026-08-06,2026-08-14 16:00:00,23462,3960
2026-08-06,2026-08-14 16:30:00,24480,4143
2026-08-06,2026-08-14 17:00:00,25570,4332
2026-08-06,2026-08-14 17:30:00,26432,4534
2026-08-06,2026-08-14 18:00:00,27315,4496
2026-08-06,2026-08-14 18:30:00,27379,4202
2026-08-06,2026-08-14 19:00:00,27309,3975
2026-08-06,2026-08-14 19:30:00,27347,3804
2026-08-06,2026-08-14 20:00:00,27234,3677
2026-08-06,2026-08-14 20:30:00,27353,3604
2026-08-06,2026-08-14 21:00:00,27168,3583
2026-08-06,2026-08-14 21:30:00,26083,3608
2026-08-06,2026-08-14 22:00:00,24992,3687
2026-08-06,2026-08-14 22:30:00,23627,3828
2026-08-06,2026-08-14 23:00:00,23027,4024
2026-08-06,2026-08-14 23:30:00,22529,4284
2026-08-06,2026-08-15,22081,4331
2026-08-06,2026-08-15 00:30:00,21709,4151
2026-08-06,2026-08-15 01:00:00,21380,4013
2026-08-06,2026-08-15 01:30:00,20976,3906
2026-08-06,2026-08-15 02:00:00,20234,3830
2026-08-06,2026-08-15 02:30:00,19861,3786
2026-08-06,2026-08-15 03:00:00,19517,3776
2026-08-06,2026-08-15 03:30:00,18994,3796
2026-08-06,2026-08-15 04:00:00,19068,3847
2026-08-06,2026-08-15 04:30:00,18909,3931
2026-08-06,2026-08-15 05:00:00,18704,4069
2026-08-06,2026-08-15 05:30:00,19390,4218
2026-08-06,2026-08-15 06:00:00,20034,4206
2026-08-06,2026-08-15 06:30:00,21123,4036
2026-08-06,2026-08-15 07:00:00,21464,3895
2026-08-06,2026-08-15 07:30:00,21624,3804
2026-08-06,2026-08-15 08:00:00,21412,3678
2026-08-06,2026-08-15 08:30:00,21248,3655
2026-08-06,2026-08-15 09:00:00,20842,3664
2026-08-06,2026-08-15 09:30:00,20467,3704
2026-08-06,2026-08-15 10:00:00,20255,3784
2026-08-06,2026-08-15 10:30:00,19334,3877
2026-08-06,2026-08-15 11:00:00,18924,4018
2026-08-06,2026-08-15 11:30:00,18755,4189
2026-08-06,2026-08-15 12:00:00,18345,4192
2026-08-06,2026-08-15 12:30:00,18384,4044
2026-08-06,2026-08-15 13:00:00,18096,3919
2026-08-06,2026-08-15 13:30:00,18372,3844
2026-08-06,2026-08-15 14:00:00,18154,3806
2026-08-06,2026-08-15 14:30:00,18443,3798
2026-08-06,2026-08-15 15:00:00,18494,3850
2026-08-06,2026-08-15 15:30:00,19385,3923
2026-08-06,2026-08-15 16:00:00,20265,4047
2026-08-06,2026-08-15 16:30:00,21809,4209
2026-08-06,2026-08-15 17:00:00,23180,4406
2026-08-06,2026-08-15 17:30:00,24013,4634
2026-08-06,2026-08-15 18:00:00,24728,4650
2026-08-06,2026-08-15 18:30:00,24744,4426
2026-08-06,2026-08-15 19:00:00,24978,4253
2026-08-06,2026-08-15 19:30:00,25042,4122
2026-08-06,2026-08-15 20:00:00,25419,4026
2026-08-06,2026-08-15 20:30:00,25258,3976
2026-08-06,2026-08-15 21:00:00,25031,3969
2026-08-06,2026-08-15 21:30:00,24646,4021
2026-08-06,2026-08-15 22:00:00,23639,4101
2026-08-06,2026-08-15 22:30:00,22651,4225
2026-08-06,2026-08-15 23:00:00,21924,4410
2026-08-06,2026-08-15 23:30:00,21591,4641
2026-08-06,2026-08-16,21265,4654
2026-08-06,2026-08-16 00:30:00,20734,4455
2026-08-06,2026-08-16 01:00:00,20465,4293
2026-08-06,2026-08-16 01:30:00,20123,4168
2026-08-06,2026-08-16 02:00:00,19497,4086
2026-08-06,2026-08-16 02:30:00,18955,4039
2026-08-06,2026-08-16 03:00:00,18481,4030
2026-08-06,2026-08-16 03:30:00,18243,4066
2026-08-06,2026-08-16 04:00:00,18094,4128
2026-08-06,2026-08-16 04:30:00,17956,4239
2026-08-06,2026-08-16 05:00:00,17677,4387
2026-08-06,2026-08-16 05:30:00,17697,4561
2026-08-06,2026-08-16 06:00:00,17907,4589
2026-08-06,2026-08-16 06:30:00,18564,4452
2026-08-06,2026-08-16 07:00:00,18569,4347
2026-08-06,2026-08-16 07:30:00,18973,4282
2026-08-06,2026-08-16 08:00:00,18679,4244
2026-08-06,2026-08-16 08:30:00,18871,4256
2026-08-06,2026-08-16 09:00:00,18733,4306
2026-08-06,2026-08-16 09:30:00,18185,4374
2026-08-06,2026-08-16 10:00:00,17798,4481
2026-08-06,2026-08-16 10:30:00,17901,4620
2026-08-06,2026-08-16 11:00:00,18206,4785
2026-08-06,2026-08-16 11:30:00,18450,4993
2026-08-06,2026-08-16 12:00:00,18219,5046
2026-08-06,2026-08-16 12:30:00,17981,4982
2026-08-06,2026-08-16 13:00:00,17787,4944
2026-08-06,2026-08-16 13:30:00,17738,4937
2026-08-06,2026-08-16 14:00:00,18005,4959
2026-08-06,2026-08-16 14:30:00,18313,5027
2026-08-06,2026-08-16 15:00:00,18956,5113
2026-08-06,2026-08-16 15:30:00,20402,5242
2026-08-06,2026-08-16 16:00:00,21636,5394
2026-08-06,2026-08-16 16:30:00,22475,5593
2026-08-06,2026-08-16 17:00:00,23953,5803
2026-08-06,2026-08-16 17:30:00,25082,6046
2026-08-06,2026-08-16 18:00:00,25421,6045
2026-08-06,2026-08-16 18:30:00,25315,5793
2026-08-06,2026-08-16 19:00:00,25363,5598
2026-08-06,2026-08-16 19:30:00,25235,5443
2026-08-06,2026-08-16 20:00:00,25947,5341
2026-08-06,2026-08-16 20:30:00,26031,5295
2026-08-06,2026-08-16 21:00:00,25524,5292
2026-08-06,2026-08-16 21:30:00,24191,5338
2026-08-06,2026-08-16 22:00:00,23738,5435
2026-08-06,2026-08-16 22:30:00,22132,5584
2026-08-06,2026-08-16 23:00:00,21487,5782
2026-08-06,2026-08-16 23:30:00,20699,6039
2026-08-06,2026-08-17,20409,6075
2026-08-06,2026-08-17 00:30:00,20161,5866
2026-08-06,2026-08-17 01:00:00,19912,5693
2026-08-06,2026-08-17 01:30:00,19348,5567
2026-08-06,2026-08-17 02:00:00,19031,5483
2026-08-06,2026-08-17 02:30:00,18422,5444
2026-08-06,2026-08-17 03:00:00,18137,5437
2026-08-06,2026-08-17 03:30:00,18075,5477
2026-08-06,2026-08-17 04:00:00,18152,5542
2026-08-06,2026-08-17 04:30:00,18277,5652
2026-08-06,2026-08-17 05:00:00,18581,5803
2026-08-06,2026-08-17 05:30:00,20035,5983
2026-08-06,2026-08-17 06:00:00,21083,6014
2026-08-06,2026-08-17 06:30:00,23108,5891
2026-08-06,2026-08-17 07:00:00,23850,5795
2026-08-06,2026-08-17 07:30:00,24822,5727
2026-08-06,2026-08-17 08:00:00,24917,5691
2026-08-06,2026-08-17 08:30:00,24349,5684
2026-08-06,2026-08-17 09:00:00,23869,5704
2026-08-06,2026-08-17 09:30:00,23197,5775
2026-08-06,2026-08-17 10:00:00,22694,5863
2026-08-06,2026-08-17 10:30:00,22233,5997
2026-08-06,2026-08-17 11:00:00,22096,6159
2026-08-06,2026-08-17 11:30:00,22021,6341
2026-08-06,2026-08-17 12:00:00,21862,6378
2026-08-06,2026-08-17 12:30:00,21784,6261
2026-08-06,2026-08-17 13:00:00,21352,6178
2026-08-06,2026-08-17 13:30:00,21619,6137
2026-08-06,2026-08-17 14:00:00,22068,6140
2026-08-06,2026-08-17 14:30:00,22255,6172
2026-08-06,2026-08-17 15:00:00,22470,6250
2026-08-06,2026-08-17 15:30:00,22827,6356
2026-08-06,2026-08-17 16:00:00,24239,6511
2026-08-06,2026-08-17 16:30:00,25239,6685
2026-08-06,2026-08-17 17:00:00,26971,6891
2026-08-06,2026-08-17 17:30:00,27340,7125
2026-08-06,2026-08-17 18:00:00,27922,7104
2026-08-06,2026-08-17 18:30:00,27675,6862
2026-08-06,2026-08-17 19:00:00,27392,6650
2026-08-06,2026-08-17 19:30:00,27864,6475
2026-08-06,2026-08-17 20:00:00,28214,6353
2026-08-06,2026-08-17 20:30:00,27625,6276
2026-08-06,2026-08-17 21:00:00,26727,6246
2026-08-06,2026-08-17 21:30:00,25380,6252
2026-08-06,2026-08-17 22:00:00,24099,6329
2026-08-06,2026-08-17 22:30:00,22908,6455
2026-08-06,2026-08-17 23:00:00,21952,6637
2026-08-06,2026-08-17 23:30:00,21825,6870
2026-08-06,2026-08-18,21410,6918
2026-08-06,2026-08-18 00:30:00,20893,6765
2026-08-06,2026-08-18 01:00:00,20937,6636
2026-08-06,2026-08-18 01:30:00,20233,6532
2026-08-06,2026-08-18 02:00:00,19790,6461
2026-08-06,2026-08-18 02:30:00,19376,6430
2026-08-06,2026-08-18 03:00:00,19223,6423
2026-08-06,2026-08-18 03:30:00,18998,6444
2026-08-06,2026-08-18 04:00:00,18906,6508
2026-08-06,2026-08-18 04:30:00,19073,6607
2026-08-06,2026-08-18 05:00:00,19658,6729
2026-08-06,2026-08-18 05:30:00,20843,6863
2026-08-06,2026-08-18 06:00:00,21828,6884
2026-08-06,2026-08-18 06:30:00,23720,6755
2026-08-06,2026-08-18 07:00:00,24687,6696
2026-08-06,2026-08-18 07:30:00,25823,6631
2026-08-06,2026-08-18 08:00:00,25744,6584
2026-08-06,2026-08-18 08:30:00,25631,6438
2026-08-06,2026-08-18 09:00:00,24544,6454
2026-08-06,2026-08-18 09:30:00,23712,6494
2026-08-06,2026-08-18 10:00:00,23337,6565
2026-08-06,2026-08-18 10:30:00,22570,6661
2026-08-06,2026-08-18 11:00:00,22099,6774
2026-08-06,2026-08-18 11:30:00,22103,6906
2026-08-06,2026-08-18 12:00:00,21820,6908
2026-08-06,2026-08-18 12:30:00,21730,6807
2026-08-06,2026-08-18 13:00:00,21524,6727
2026-08-06,2026-08-18 13:30:00,21701,6817
2026-08-06,2026-08-18 14:00:00,22248,6810
2026-08-06,2026-08-18 14:30:00,22596,6837
2026-08-06,2026-08-18 15:00:00,22770,6891
2026-08-06,2026-08-18 15:30:00,22891,6991
2026-08-06,2026-08-18 16:00:00,24145,7105
2026-08-06,2026-08-18 16:30:00,25689,7245
2026-08-06,2026-08-18 17:00:00,27043,7411
2026-08-06,2026-08-18 17:30:00,27469,7603
2026-08-06,2026-08-18 18:00:00,28028,7622
2026-08-06,2026-08-18 18:30:00,27913,7463
2026-08-06,2026-08-18 19:00:00,27978,7339
2026-08-06,2026-08-18 19:30:00,28031,7250
2026-08-06,2026-08-18 20:00:00,27774,7203
2026-08-06,2026-08-18 20:30:00,27670,7192
2026-08-06,2026-08-18 21:00:00,26838,7222
2026-08-06,2026-08-18 21:30:00,25453,7312
2026-08-06,2026-08-18 22:00:00,24726,7425
2026-08-06,2026-08-18 22:30:00,23054,7605
2026-08-06,2026-08-18 23:00:00,22199,7818
2026-08-06,2026-08-18 23:30:00,22006,8082
2026-08-06,2026-08-19,21531,8122
2026-08-06,2026-08-19 00:30:00,20953,7949
2026-08-06,2026-08-19 01:00:00,20938,7813
2026-08-06,2026-08-19 01:30:00,20234,7698
2026-08-06,2026-08-19 02:00:00,19793,7609
2026-08-06,2026-08-19 02:30:00,19379,7546
2026-08-06,2026-08-19 03:00:00,19228,7500
2026-08-06,2026-08-19 03:30:00,19004,7505
2026-08-06,2026-08-19 04:00:00,18913,7519
2026-08-06,2026-08-19 04:30:00,19079,7568
2026-08-06,2026-08-19 05:00:00,19665,7640
2026-08-06,2026-08-19 05:30:00,20855,7741
2026-08-06,2026-08-19 06:00:00,21847,7696
2026-08-06,2026-08-19 06:30:00,23747,7517
2026-08-06,2026-08-19 07:00:00,24721,7352
2026-08-06,2026-08-19 07:30:00,25862,7211
2026-08-06,2026-08-19 08:00:00,25787,7116
2026-08-06,2026-08-19 08:30:00,25677,6891
2026-08-06,2026-08-19 09:00:00,24590,6857
2026-08-06,2026-08-19 09:30:00,23755,6844
2026-08-06,2026-08-19 10:00:00,23379,6855
2026-08-06,2026-08-19 10:30:00,22620,6896
2026-08-06,2026-08-19 11:00:00,22155,6962
2026-08-06,2026-08-19 11:30:00,22170,7064
2026-08-06,2026-08-19 12:00:00,21887,7021
2026-08-06,2026-08-19 12:30:00,21796,6838
2026-08-06,2026-08-19 13:00:00,21589,6698
2026-08-06,2026-08-19 13:30:00,21769,6711
2026-08-06,2026-08-19 14:00:00,22316,6630
2026-08-06,2026-08-19 14:30:00,22664,6590
2026-08-06,2026-08-19 15:00:00,22837,6562
2026-08-06,2026-08-19 15:30:00,22956,6569
2026-08-06,2026-08-19 16:00:00,24215,6609
2026-08-06,2026-08-19 16:30:00,25763,6667
2026-08-06,2026-08-19 17:00:00,27118,6763
2026-08-06,2026-08-19 17:30:00,27542,6890
2026-08-06,2026-08-19 18:00:00,28095,6857
2026-08-06,2026-08-19 18:30:00,27973,6680
2026-08-06,2026-08-19 19:00:00,28034,6537
2026-08-06,2026-08-19 19:30:00,28081,6422
2026-08-06,2026-08-19 20:00:00,27813,6369
2026-08-06,2026-08-19 20:30:00,27703,6348
2026-08-06,2026-08-19 21:00:00,26864,6371
2026-08-06,2026-08-19 21:30:00,25473,6438
2026-08-06,2026-08-19 22:00:00,24740,6536
2026-08-06,2026-08-19 22:30:00,23062,6686
2026-08-06,2026-08-19 23:00:00,22202,6877
2026-08-06,2026-08-19 23:30:00,22010,7127
2026-08-06,2026-08-20,21535,7182
2026-08-06,2026-08-20 00:30:00,20955,7029
2026-08-06,2026-08-20 01:00:00,20941,6907
2026-08-06,2026-08-20 01:30:00,20238,6813
2026-08-06,2026-08-20 02:00:00,19797,6751
2026-08-06,2026-08-20 02:30:00,19385,6705
2026-08-06,2026-08-20 03:00:00,19234,6693
2026-08-06,2026-08-20 03:30:00,19012,6708
2026-08-06,2026-08-20 04:00:00,18922,6776
2026-08-06,2026-08-20 04:30:00,19086,6857
2026-08-06,2026-08-20 05:00:00,19674,6969
2026-08-06,2026-08-20 05:30:00,20869,7107
2026-08-06,2026-08-20 06:00:00,21865,7112
2026-08-06,2026-08-20 06:30:00,23775,6997
2026-08-06,2026-08-20 07:00:00,24757,6904
2026-08-06,2026-08-20 07:30:00,25904,NA
2026-08-06,2026-08-20 08:00:00,25831,NA
2026-08-06,2026-08-20 08:30:00,25723,NA
2026-08-06,2026-08-20 09:00:00,24637,NA
2026-08-06,2026-08-20 09:30:00,23801,NA
2026-08-06,2026-08-20 10:00:00,23422,NA
2026-08-06,2026-08-20 10:30:00,22671,NA
2026-08-06,2026-08-20 11:00:00,22214,NA
2026-08-06,2026-08-20 11:30:00,22238,NA
2026-08-06,2026-08-20 12:00:00,21955,NA
2026-08-06,2026-08-20 12:30:00,21865,NA
2026-08-06,2026-08-20 13:00:00,21659,NA
2026-08-06,2026-08-20 13:30:00,21838,NA
2026-08-06,2026-08-20 14:00:00,22386,NA
2026-08-06,2026-08-20 14:30:00,22735,NA
2026-08-06,2026-08-20 15:00:00,22907,NA
2026-08-06,2026-08-20 15:30:00,23028,NA
2026-08-06,2026-08-20 16:00:00,24240,NA
2026-08-06,2026-08-20 16:30:00,25742,NA
2026-08-06,2026-08-20 17:00:00,27052,NA
2026-08-06,2026-08-20 17:30:00,27502,NA
2026-08-06,2026-08-20 18:00:00,28079,NA
2026-08-06,2026-08-20 18:30:00,27980,NA
2026-08-06,2026-08-20 19:00:00,28064,NA
2026-08-06,2026-08-20 19:30:00,28137,NA
2026-08-06,2026-08-20 20:00:00,27858,NA
2026-08-06,2026-08-20 20:30:00,27740,NA
2026-08-06,2026-08-20 21:00:00,26894,NA
2026-08-06,2026-08-20 21:30:00,25496,NA
2026-08-06,2026-08-20 22:00:00,24757,NA
2026-08-06,2026-08-20 22:30:00,23071,NA
2026-08-06,2026-08-20 23:00:00,22205,NA
2026-08-07,2026-08-07 08:30:00,NA,7267
2026-08-07,2026-08-07 09:00:00,NA,7563
2026-08-07,2026-08-07 09:30:00,NA,7755
2026-08-07,2026-08-07 10:00:00,NA,8080
2026-08-07,2026-08-07 10:30:00,NA,8508
2026-08-07,2026-08-07 11:00:00,NA,8670
2026-08-07,2026-08-07 11:30:00,NA,8652
2026-08-07,2026-08-07 12:00:00,NA,8614
2026-08-07,2026-08-07 12:30:00,NA,8567
2026-08-07,2026-08-07 13:00:00,NA,8469
2026-08-07,2026-08-07 13:30:00,NA,8350
2026-08-07,2026-08-07 14:00:00,NA,8243
2026-08-07,2026-08-07 14:30:00,NA,8108
2026-08-07,2026-08-07 15:00:00,NA,8065
2026-08-07,2026-08-07 15:30:00,NA,7953
2026-08-07,2026-08-07 16:00:00,NA,7845
2026-08-07,2026-08-07 16:30:00,NA,7731
2026-08-07,2026-08-07 17:00:00,NA,7665
2026-08-07,2026-08-07 17:30:00,NA,7608
2026-08-07,2026-08-07 18:00:00,NA,7618
2026-08-07,2026-08-07 18:30:00,NA,7611
2026-08-07,2026-08-07 19:00:00,NA,7662
2026-08-07,2026-08-07 19:30:00,NA,7777
2026-08-07,2026-08-07 20:00:00,NA,7904
2026-08-07,2026-08-07 20:30:00,NA,8043
2026-08-07,2026-08-07 21:00:00,NA,8179
2026-08-07,2026-08-07 21:30:00,NA,8301
2026-08-07,2026-08-07 22:00:00,NA,8333
2026-08-07,2026-08-07 22:30:00,NA,8303
2026-08-07,2026-08-07 23:00:00,NA,8206
2026-08-07,2026-08-07 23:30:00,NA,8068
2026-08-07,2026-08-08,NA,7876
2026-08-07,2026-08-08 00:30:00,NA,7648
2026-08-07,2026-08-08 01:00:00,NA,7447
2026-08-07,2026-08-08 01:30:00,NA,7250
2026-08-07,2026-08-08 02:00:00,NA,7090
2026-08-07,2026-08-08 02:30:00,NA,6976
2026-08-07,2026-08-08 03:00:00,NA,6879
2026-08-07,2026-08-08 03:30:00,NA,6834
2026-08-07,2026-08-08 04:00:00,NA,6784
2026-08-07,2026-08-08 04:30:00,NA,6742
2026-08-07,2026-08-08 05:00:00,NA,6669
2026-08-07,2026-08-08 05:30:00,NA,6567
2026-08-07,2026-08-08 06:00:00,NA,6466
2026-08-07,2026-08-08 06:30:00,NA,6360
2026-08-07,2026-08-08 07:00:00,NA,6315
2026-08-07,2026-08-08 07:30:00,NA,6346
2026-08-07,2026-08-08 08:00:00,NA,6546
2026-08-07,2026-08-08 08:30:00,NA,6889
2026-08-07,2026-08-08 09:00:00,NA,7261
2026-08-07,2026-08-08 09:30:00,NA,7637
2026-08-07,2026-08-08 10:00:00,NA,7949
2026-08-07,2026-08-08 10:30:00,NA,8236
2026-08-07,2026-08-08 11:00:00,NA,8506
2026-08-07,2026-08-08 11:30:00,NA,8773
2026-08-07,2026-08-08 12:00:00,NA,8518
2026-08-07,2026-08-08 12:30:00,NA,8840
2026-08-07,2026-08-08 13:00:00,NA,9738
2026-08-07,2026-08-08 13:30:00,NA,9993
2026-08-07,2026-08-08 14:00:00,NA,10271
2026-08-07,2026-08-08 14:30:00,NA,10573
2026-08-07,2026-08-08 15:00:00,NA,10789
2026-08-07,2026-08-08 15:30:00,NA,10932
2026-08-07,2026-08-08 16:00:00,NA,11066
2026-08-07,2026-08-08 16:30:00,NA,11193
2026-08-07,2026-08-08 17:00:00,NA,11315
2026-08-07,2026-08-08 17:30:00,NA,11492
2026-08-07,2026-08-08 18:00:00,NA,11638
2026-08-07,2026-08-08 18:30:00,NA,11727
2026-08-07,2026-08-08 19:00:00,NA,11785
2026-08-07,2026-08-08 19:30:00,NA,11797
2026-08-07,2026-08-08 20:00:00,NA,11716
2026-08-07,2026-08-08 20:30:00,NA,11539
2026-08-07,2026-08-08 21:00:00,NA,11325
2026-08-07,2026-08-08 21:30:00,NA,11076
2026-08-07,2026-08-08 22:00:00,NA,10829
2026-08-07,2026-08-08 22:30:00,NA,10557
2026-08-07,2026-08-08 23:00:00,NA,10276
2026-08-07,2026-08-08 23:30:00,21079,9982
2026-08-07,2026-08-09,20841,9681
2026-08-07,2026-08-09 00:30:00,20050,9398
2026-08-07,2026-08-09 01:00:00,19877,9119
2026-08-07,2026-08-09 01:30:00,19492,8785
2026-08-07,2026-08-09 02:00:00,19052,8454
2026-08-07,2026-08-09 02:30:00,18904,8120
2026-08-07,2026-08-09 03:00:00,18912,7752
2026-08-07,2026-08-09 03:30:00,18910,7357
2026-08-07,2026-08-09 04:00:00,18327,7007
2026-08-07,2026-08-09 04:30:00,17722,6717
2026-08-07,2026-08-09 05:00:00,17347,6454
2026-08-07,2026-08-09 05:30:00,17888,6225
2026-08-07,2026-08-09 06:00:00,18001,6012
2026-08-07,2026-08-09 06:30:00,18058,5807
2026-08-07,2026-08-09 07:00:00,17837,5661
2026-08-07,2026-08-09 07:30:00,18196,5579
2026-08-07,2026-08-09 08:00:00,18140,5549
2026-08-07,2026-08-09 08:30:00,17577,5546
2026-08-07,2026-08-09 09:00:00,16569,5565
2026-08-07,2026-08-09 09:30:00,15797,5596
2026-08-07,2026-08-09 10:00:00,14989,5624
2026-08-07,2026-08-09 10:30:00,14578,5633
2026-08-07,2026-08-09 11:00:00,14348,5715
2026-08-07,2026-08-09 11:30:00,14377,5878
2026-08-07,2026-08-09 12:00:00,14994,6016
2026-08-07,2026-08-09 12:30:00,14784,6141
2026-08-07,2026-08-09 13:00:00,14828,6259
2026-08-07,2026-08-09 13:30:00,14469,6353
2026-08-07,2026-08-09 14:00:00,14768,6409
2026-08-07,2026-08-09 14:30:00,15321,6459
2026-08-07,2026-08-09 15:00:00,16208,6504
2026-08-07,2026-08-09 15:30:00,17524,6563
2026-08-07,2026-08-09 16:00:00,18999,6582
2026-08-07,2026-08-09 16:30:00,20599,6587
2026-08-07,2026-08-09 17:00:00,21759,6554
2026-08-07,2026-08-09 17:30:00,23686,6528
2026-08-07,2026-08-09 18:00:00,24637,6494
2026-08-07,2026-08-09 18:30:00,25758,6421
2026-08-07,2026-08-09 19:00:00,26728,6329
2026-08-07,2026-08-09 19:30:00,25065,6232
2026-08-07,2026-08-09 20:00:00,24331,6196
2026-08-07,2026-08-09 20:30:00,24815,6196
2026-08-07,2026-08-09 21:00:00,24161,6189
2026-08-07,2026-08-09 21:30:00,23391,6135
2026-08-07,2026-08-09 22:00:00,22604,6067
2026-08-07,2026-08-09 22:30:00,21403,6031
2026-08-07,2026-08-09 23:00:00,21296,6051
2026-08-07,2026-08-09 23:30:00,21370,6080
2026-08-07,2026-08-10,20816,6083
2026-08-07,2026-08-10 00:30:00,20574,6029
2026-08-07,2026-08-10 01:00:00,20589,5996
2026-08-07,2026-08-10 01:30:00,20109,5990
2026-08-07,2026-08-10 02:00:00,19879,5960
2026-08-07,2026-08-10 02:30:00,19291,5869
2026-08-07,2026-08-10 03:00:00,19023,5759
2026-08-07,2026-08-10 03:30:00,19073,5591
2026-08-07,2026-08-10 04:00:00,18815,5441
2026-08-07,2026-08-10 04:30:00,18820,5282
2026-08-07,2026-08-10 05:00:00,19114,5136
2026-08-07,2026-08-10 05:30:00,20728,4990
2026-08-07,2026-08-10 06:00:00,22075,4830
2026-08-07,2026-08-10 06:30:00,22984,4632
2026-08-07,2026-08-10 07:00:00,23124,4503
2026-08-07,2026-08-10 07:30:00,23560,4429
2026-08-07,2026-08-10 08:00:00,23420,4325
2026-08-07,2026-08-10 08:30:00,23235,4200
2026-08-07,2026-08-10 09:00:00,22805,4069
2026-08-07,2026-08-10 09:30:00,22494,3936
2026-08-07,2026-08-10 10:00:00,21900,3825
2026-08-07,2026-08-10 10:30:00,21258,3733
2026-08-07,2026-08-10 11:00:00,20783,3622
2026-08-07,2026-08-10 11:30:00,20379,3520
2026-08-07,2026-08-10 12:00:00,20502,3466
2026-08-07,2026-08-10 12:30:00,20020,3430
2026-08-07,2026-08-10 13:00:00,19835,3379
2026-08-07,2026-08-10 13:30:00,19812,3299
2026-08-07,2026-08-10 14:00:00,20014,3236
2026-08-07,2026-08-10 14:30:00,20062,3170
2026-08-07,2026-08-10 15:00:00,20463,3089
2026-08-07,2026-08-10 15:30:00,21708,3004
2026-08-07,2026-08-10 16:00:00,23325,2932
2026-08-07,2026-08-10 16:30:00,24701,2841
2026-08-07,2026-08-10 17:00:00,26051,2736
2026-08-07,2026-08-10 17:30:00,26733,2615
2026-08-07,2026-08-10 18:00:00,27679,2478
2026-08-07,2026-08-10 18:30:00,28715,2313
2026-08-07,2026-08-10 19:00:00,29061,2171
2026-08-07,2026-08-10 19:30:00,28553,2080
2026-08-07,2026-08-10 20:00:00,28102,2003
2026-08-07,2026-08-10 20:30:00,27645,1941
2026-08-07,2026-08-10 21:00:00,26749,1854
2026-08-07,2026-08-10 21:30:00,25505,1733
2026-08-07,2026-08-10 22:00:00,24796,1648
2026-08-07,2026-08-10 22:30:00,23531,1610
2026-08-07,2026-08-10 23:00:00,23064,1589
2026-08-07,2026-08-10 23:30:00,22997,1596
2026-08-07,2026-08-11,22058,1605
2026-08-07,2026-08-11 00:30:00,22343,1580
2026-08-07,2026-08-11 01:00:00,22110,1586
2026-08-07,2026-08-11 01:30:00,21850,1605
2026-08-07,2026-08-11 02:00:00,21483,1637
2026-08-07,2026-08-11 02:30:00,20854,1669
2026-08-07,2026-08-11 03:00:00,20618,1726
2026-08-07,2026-08-11 03:30:00,20473,1760
2026-08-07,2026-08-11 04:00:00,20257,1823
2026-08-07,2026-08-11 04:30:00,20030,1898
2026-08-07,2026-08-11 05:00:00,20380,1996
2026-08-07,2026-08-11 05:30:00,21553,2097
2026-08-07,2026-08-11 06:00:00,22534,2173
2026-08-07,2026-08-11 06:30:00,23818,2189
2026-08-07,2026-08-11 07:00:00,24280,2226
2026-08-07,2026-08-11 07:30:00,24636,2267
2026-08-07,2026-08-11 08:00:00,24200,2339
2026-08-07,2026-08-11 08:30:00,23592,2432
2026-08-07,2026-08-11 09:00:00,22507,2499
2026-08-07,2026-08-11 09:30:00,21835,2568
2026-08-07,2026-08-11 10:00:00,21288,2617
2026-08-07,2026-08-11 10:30:00,20450,2751
2026-08-07,2026-08-11 11:00:00,19872,2910
2026-08-07,2026-08-11 11:30:00,19663,3088
2026-08-07,2026-08-11 12:00:00,19708,3257
2026-08-07,2026-08-11 12:30:00,19275,3414
2026-08-07,2026-08-11 13:00:00,19207,3609
2026-08-07,2026-08-11 13:30:00,19796,3840
2026-08-07,2026-08-11 14:00:00,20245,4113
2026-08-07,2026-08-11 14:30:00,20312,4417
2026-08-07,2026-08-11 15:00:00,21027,4690
2026-08-07,2026-08-11 15:30:00,21442,4897
2026-08-07,2026-08-11 16:00:00,23166,5149
2026-08-07,2026-08-11 16:30:00,24224,5409
2026-08-07,2026-08-11 17:00:00,25937,5699
2026-08-07,2026-08-11 17:30:00,27323,6027
2026-08-07,2026-08-11 18:00:00,28078,6304
2026-08-07,2026-08-11 18:30:00,28936,6549
2026-08-07,2026-08-11 19:00:00,28632,6830
2026-08-07,2026-08-11 19:30:00,28455,7161
2026-08-07,2026-08-11 20:00:00,27972,7515
2026-08-07,2026-08-11 20:30:00,27744,7906
2026-08-07,2026-08-11 21:00:00,26687,8138
2026-08-07,2026-08-11 21:30:00,26007,8186
2026-08-07,2026-08-11 22:00:00,24611,8273
2026-08-07,2026-08-11 22:30:00,23214,8398
2026-08-07,2026-08-11 23:00:00,22839,8577
2026-08-07,2026-08-11 23:30:00,22699,8792
2026-08-07,2026-08-12,22802,8843
2026-08-07,2026-08-12 00:30:00,21699,8715
2026-08-07,2026-08-12 01:00:00,21354,8617
2026-08-07,2026-08-12 01:30:00,21146,8539
2026-08-07,2026-08-12 02:00:00,20832,8500
2026-08-07,2026-08-12 02:30:00,20225,8498
2026-08-07,2026-08-12 03:00:00,20017,8455
2026-08-07,2026-08-12 03:30:00,19911,8364
2026-08-07,2026-08-12 04:00:00,19744,8304
2026-08-07,2026-08-12 04:30:00,19567,8251
2026-08-07,2026-08-12 05:00:00,19917,8225
2026-08-07,2026-08-12 05:30:00,21093,8219
2026-08-07,2026-08-12 06:00:00,22207,8122
2026-08-07,2026-08-12 06:30:00,23603,7900
2026-08-07,2026-08-12 07:00:00,24253,7688
2026-08-07,2026-08-12 07:30:00,24782,7508
2026-08-07,2026-08-12 08:00:00,24471,7337
2026-08-07,2026-08-12 08:30:00,23933,7206
2026-08-07,2026-08-12 09:00:00,22921,6984
2026-08-07,2026-08-12 09:30:00,22186,6970
2026-08-07,2026-08-12 10:00:00,21577,6991
2026-08-07,2026-08-12 10:30:00,20705,7060
2026-08-07,2026-08-12 11:00:00,20201,7250
2026-08-07,2026-08-12 11:30:00,20116,7411
2026-08-07,2026-08-12 12:00:00,20316,7513
2026-08-07,2026-08-12 12:30:00,20139,7565
2026-08-07,2026-08-12 13:00:00,20279,7657
2026-08-07,2026-08-12 13:30:00,21025,7772
2026-08-07,2026-08-12 14:00:00,21507,7922
2026-08-07,2026-08-12 14:30:00,21471,8079
2026-08-07,2026-08-12 15:00:00,22076,8156
2026-08-07,2026-08-12 15:30:00,22312,8133
2026-08-07,2026-08-12 16:00:00,23711,8144
2026-08-07,2026-08-12 16:30:00,24449,8182
2026-08-07,2026-08-12 17:00:00,25952,8254
2026-08-07,2026-08-12 17:30:00,27201,8343
2026-08-07,2026-08-12 18:00:00,27832,8363
2026-08-07,2026-08-12 18:30:00,28454,8314
2026-08-07,2026-08-12 19:00:00,28248,8297
2026-08-07,2026-08-12 19:30:00,28271,8341
2026-08-07,2026-08-12 20:00:00,28251,8420
2026-08-07,2026-08-12 20:30:00,28469,8537
2026-08-07,2026-08-12 21:00:00,27762,8454
2026-08-07,2026-08-12 21:30:00,27146,8182
2026-08-07,2026-08-12 22:00:00,25714,7958
2026-08-07,2026-08-12 22:30:00,24287,7796
2026-08-07,2026-08-12 23:00:00,23938,7693
2026-08-07,2026-08-12 23:30:00,23877,7661
2026-08-07,2026-08-13,23328,7460
2026-08-07,2026-08-13 00:30:00,22800,7059
2026-08-07,2026-08-13 01:00:00,22413,6690
2026-08-07,2026-08-13 01:30:00,22221,6349
2026-08-07,2026-08-13 02:00:00,21903,6062
2026-08-07,2026-08-13 02:30:00,21332,5824
2026-08-07,2026-08-13 03:00:00,21169,5623
2026-08-07,2026-08-13 03:30:00,21088,5466
2026-08-07,2026-08-13 04:00:00,20923,5352
2026-08-07,2026-08-13 04:30:00,20734,5266
2026-08-07,2026-08-13 05:00:00,21193,5237
2026-08-07,2026-08-13 05:30:00,22514,5240
2026-08-07,2026-08-13 06:00:00,23955,5119
2026-08-07,2026-08-13 06:30:00,25875,4863
2026-08-07,2026-08-13 07:00:00,26616,4651
2026-08-07,2026-08-13 07:30:00,27058,4474
2026-08-07,2026-08-13 08:00:00,26858,4300
2026-08-07,2026-08-13 08:30:00,26486,4177
2026-08-07,2026-08-13 09:00:00,25752,4107
2026-08-07,2026-08-13 09:30:00,25430,4065
2026-08-07,2026-08-13 10:00:00,25090,4050
2026-08-07,2026-08-13 10:30:00,24378,4068
2026-08-07,2026-08-13 11:00:00,23911,4127
2026-08-07,2026-08-13 11:30:00,23619,4210
2026-08-07,2026-08-13 12:00:00,23619,4200
2026-08-07,2026-08-13 12:30:00,23162,4104
2026-08-07,2026-08-13 13:00:00,23072,4034
2026-08-07,2026-08-13 13:30:00,23695,4006
2026-08-07,2026-08-13 14:00:00,24124,4007
2026-08-07,2026-08-13 14:30:00,24147,4032
2026-08-07,2026-08-13 15:00:00,24671,4088
2026-08-07,2026-08-13 15:30:00,24767,4175
2026-08-07,2026-08-13 16:00:00,26097,4286
2026-08-07,2026-08-13 16:30:00,26732,4413
2026-08-07,2026-08-13 17:00:00,27955,4584
2026-08-07,2026-08-13 17:30:00,29029,4807
2026-08-07,2026-08-13 18:00:00,29780,4686
2026-08-07,2026-08-13 18:30:00,30228,4268
2026-08-07,2026-08-13 19:00:00,29689,3940
2026-08-07,2026-08-13 19:30:00,29445,3709
2026-08-07,2026-08-13 20:00:00,29011,3561
2026-08-07,2026-08-13 20:30:00,28901,3470
2026-08-07,2026-08-13 21:00:00,27977,3443
2026-08-07,2026-08-13 21:30:00,27356,3464
2026-08-07,2026-08-13 22:00:00,25921,3557
2026-08-07,2026-08-13 22:30:00,24493,3748
2026-08-07,2026-08-13 23:00:00,24145,4050
2026-08-07,2026-08-13 23:30:00,23813,4460
2026-08-07,2026-08-14,22955,4526
2026-08-07,2026-08-14 00:30:00,22990,4234
2026-08-07,2026-08-14 01:00:00,22591,3999
2026-08-07,2026-08-14 01:30:00,22128,3832
2026-08-07,2026-08-14 02:00:00,22057,3719
2026-08-07,2026-08-14 02:30:00,21827,3647
2026-08-07,2026-08-14 03:00:00,21499,3616
2026-08-07,2026-08-14 03:30:00,21085,3620
2026-08-07,2026-08-14 04:00:00,20952,3680
2026-08-07,2026-08-14 04:30:00,20720,3792
2026-08-07,2026-08-14 05:00:00,21043,3977
2026-08-07,2026-08-14 05:30:00,22591,4245
2026-08-07,2026-08-14 06:00:00,23701,4287
2026-08-07,2026-08-14 06:30:00,25898,4088
2026-08-07,2026-08-14 07:00:00,26810,3916
2026-08-07,2026-08-14 07:30:00,27532,3799
2026-08-07,2026-08-14 08:00:00,27311,3723
2026-08-07,2026-08-14 08:30:00,26983,3672
2026-08-07,2026-08-14 09:00:00,26520,3647
2026-08-07,2026-08-14 09:30:00,25905,3673
2026-08-07,2026-08-14 10:00:00,25209,3725
2026-08-07,2026-08-14 10:30:00,24520,3817
2026-08-07,2026-08-14 11:00:00,24209,3946
2026-08-07,2026-08-14 11:30:00,24009,4106
2026-08-07,2026-08-14 12:00:00,23374,4079
2026-08-07,2026-08-14 12:30:00,22824,3865
2026-08-07,2026-08-14 13:00:00,22366,3694
2026-08-07,2026-08-14 13:30:00,22594,3559
2026-08-07,2026-08-14 14:00:00,22743,3470
2026-08-07,2026-08-14 14:30:00,22436,3419
2026-08-07,2026-08-14 15:00:00,22879,3195
2026-08-07,2026-08-14 15:30:00,23740,3177
2026-08-07,2026-08-14 16:00:00,24508,3441
2026-08-07,2026-08-14 16:30:00,25414,3580
2026-08-07,2026-08-14 17:00:00,26472,3737
2026-08-07,2026-08-14 17:30:00,27260,3915
2026-08-07,2026-08-14 18:00:00,28052,3883
2026-08-07,2026-08-14 18:30:00,28084,3629
2026-08-07,2026-08-14 19:00:00,28015,3425
2026-08-07,2026-08-14 19:30:00,28078,3256
2026-08-07,2026-08-14 20:00:00,27956,3121
2026-08-07,2026-08-14 20:30:00,28095,2997
2026-08-07,2026-08-14 21:00:00,27916,2930
2026-08-07,2026-08-14 21:30:00,26838,2892
2026-08-07,2026-08-14 22:00:00,25744,2877
2026-08-07,2026-08-14 22:30:00,24372,2899
2026-08-07,2026-08-14 23:00:00,23764,2956
2026-08-07,2026-08-14 23:30:00,23255,3055
2026-08-07,2026-08-15,22313,3050
2026-08-07,2026-08-15 00:30:00,22389,2921
2026-08-07,2026-08-15 01:00:00,22086,2811
2026-08-07,2026-08-15 01:30:00,21705,2723
2026-08-07,2026-08-15 02:00:00,20977,2650
2026-08-07,2026-08-15 02:30:00,20618,2596
2026-08-07,2026-08-15 03:00:00,20284,2563
2026-08-07,2026-08-15 03:30:00,19762,2549
2026-08-07,2026-08-15 04:00:00,19838,2551
2026-08-07,2026-08-15 04:30:00,19681,2574
2026-08-07,2026-08-15 05:00:00,19471,2624
2026-08-07,2026-08-15 05:30:00,20147,2699
2026-08-07,2026-08-15 06:00:00,20773,2659
2026-08-07,2026-08-15 06:30:00,21892,2520
2026-08-07,2026-08-15 07:00:00,22280,2399
2026-08-07,2026-08-15 07:30:00,22512,2307
2026-08-07,2026-08-15 08:00:00,22370,2191
2026-08-07,2026-08-15 08:30:00,22257,2145
2026-08-07,2026-08-15 09:00:00,21904,2119
2026-08-07,2026-08-15 09:30:00,21556,2113
2026-08-07,2026-08-15 10:00:00,21370,2124
2026-08-07,2026-08-15 10:30:00,20485,2165
2026-08-07,2026-08-15 11:00:00,20109,2224
2026-08-07,2026-08-15 11:30:00,19966,2311
2026-08-07,2026-08-15 12:00:00,19552,2309
2026-08-07,2026-08-15 12:30:00,19606,2230
2026-08-07,2026-08-15 13:00:00,19364,2188
2026-08-07,2026-08-15 13:30:00,19663,2182
2026-08-07,2026-08-15 14:00:00,19461,2193
2026-08-07,2026-08-15 14:30:00,19749,2232
2026-08-07,2026-08-15 15:00:00,19795,2299
2026-08-07,2026-08-15 15:30:00,20652,2398
2026-08-07,2026-08-15 16:00:00,21451,2526
2026-08-07,2026-08-15 16:30:00,22907,2685
2026-08-07,2026-08-15 17:00:00,24172,2875
2026-08-07,2026-08-15 17:30:00,24915,3093
2026-08-07,2026-08-15 18:00:00,25521,3124
2026-08-07,2026-08-15 18:30:00,25495,2976
2026-08-07,2026-08-15 19:00:00,25724,2858
2026-08-07,2026-08-15 19:30:00,25806,2778
2026-08-07,2026-08-15 20:00:00,26184,2726
2026-08-07,2026-08-15 20:30:00,26040,2712
2026-08-07,2026-08-15 21:00:00,25818,2723
2026-08-07,2026-08-15 21:30:00,25440,2776
2026-08-07,2026-08-15 22:00:00,24425,2869
2026-08-07,2026-08-15 22:30:00,23425,2993
2026-08-07,2026-08-15 23:00:00,22678,3143
2026-08-07,2026-08-15 23:30:00,22216,3333
2026-08-07,2026-08-16,21437,3368
2026-08-07,2026-08-16 00:30:00,21308,3235
2026-08-07,2026-08-16 01:00:00,21072,3125
2026-08-07,2026-08-16 01:30:00,20743,3065
2026-08-07,2026-08-16 02:00:00,20121,3035
2026-08-07,2026-08-16 02:30:00,19578,3020
2026-08-07,2026-08-16 03:00:00,19097,3043
2026-08-07,2026-08-16 03:30:00,18845,3094
2026-08-07,2026-08-16 04:00:00,18675,3185
2026-08-07,2026-08-16 04:30:00,18515,3317
2026-08-07,2026-08-16 05:00:00,18205,3478
2026-08-07,2026-08-16 05:30:00,18191,3687
2026-08-07,2026-08-16 06:00:00,18357,3745
2026-08-07,2026-08-16 06:30:00,19029,3666
2026-08-07,2026-08-16 07:00:00,19078,3602
2026-08-07,2026-08-16 07:30:00,19555,3576
2026-08-07,2026-08-16 08:00:00,19329,3574
2026-08-07,2026-08-16 08:30:00,19574,3600
2026-08-07,2026-08-16 09:00:00,19485,3652
2026-08-07,2026-08-16 09:30:00,18958,3734
2026-08-07,2026-08-16 10:00:00,18587,3837
2026-08-07,2026-08-16 10:30:00,18692,3972
2026-08-07,2026-08-16 11:00:00,18996,4132
2026-08-07,2026-08-16 11:30:00,19248,4322
2026-08-07,2026-08-16 12:00:00,18992,4382
2026-08-07,2026-08-16 12:30:00,18759,4302
2026-08-07,2026-08-16 13:00:00,18621,4253
2026-08-07,2026-08-16 13:30:00,18599,4245
2026-08-07,2026-08-16 14:00:00,18891,4267
2026-08-07,2026-08-16 14:30:00,19204,4324
2026-08-07,2026-08-16 15:00:00,19849,4419
2026-08-07,2026-08-16 15:30:00,21252,4546
2026-08-07,2026-08-16 16:00:00,22434,4702
2026-08-07,2026-08-16 16:30:00,23189,4905
2026-08-07,2026-08-16 17:00:00,24569,5141
2026-08-07,2026-08-16 17:30:00,25582,5408
2026-08-07,2026-08-16 18:00:00,25805,5438
2026-08-07,2026-08-16 18:30:00,25649,5236
2026-08-07,2026-08-16 19:00:00,25683,5081
2026-08-07,2026-08-16 19:30:00,25565,4955
2026-08-07,2026-08-16 20:00:00,26273,4883
2026-08-07,2026-08-16 20:30:00,26367,4851
2026-08-07,2026-08-16 21:00:00,25876,4881
2026-08-07,2026-08-16 21:30:00,24548,4944
2026-08-07,2026-08-16 22:00:00,24093,5061
2026-08-07,2026-08-16 22:30:00,22476,5222
2026-08-07,2026-08-16 23:00:00,21815,5433
2026-08-07,2026-08-16 23:30:00,21437,5695
2026-08-07,2026-08-17,21043,5761
2026-08-07,2026-08-17 00:30:00,20901,5630
2026-08-07,2026-08-17 01:00:00,20715,5529
2026-08-07,2026-08-17 01:30:00,20173,5459
2026-08-07,2026-08-17 02:00:00,19881,5412
2026-08-07,2026-08-17 02:30:00,19281,5399
2026-08-07,2026-08-17 03:00:00,19010,5412
2026-08-07,2026-08-17 03:30:00,18959,5460
2026-08-07,2026-08-17 04:00:00,19016,5521
2026-08-07,2026-08-17 04:30:00,19124,5621
2026-08-07,2026-08-17 05:00:00,19413,5751
2026-08-07,2026-08-17 05:30:00,20893,5899
2026-08-07,2026-08-17 06:00:00,21947,5898
2026-08-07,2026-08-17 06:30:00,24065,5737
2026-08-07,2026-08-17 07:00:00,24892,5600
2026-08-07,2026-08-17 07:30:00,25988,5495
2026-08-07,2026-08-17 08:00:00,26182,5416
2026-08-07,2026-08-17 08:30:00,25675,5368
2026-08-07,2026-08-17 09:00:00,25259,5334
2026-08-07,2026-08-17 09:30:00,24614,5347
2026-08-07,2026-08-17 10:00:00,24136,5383
2026-08-07,2026-08-17 10:30:00,23680,5434
2026-08-07,2026-08-17 11:00:00,23547,5529
2026-08-07,2026-08-17 11:30:00,23188,5641
2026-08-07,2026-08-17 12:00:00,22999,5644
2026-08-07,2026-08-17 12:30:00,22935,5558
2026-08-07,2026-08-17 13:00:00,22551,5492
2026-08-07,2026-08-17 13:30:00,22850,5449
2026-08-07,2026-08-17 14:00:00,23330,5447
2026-08-07,2026-08-17 14:30:00,23518,5470
2026-08-07,2026-08-17 15:00:00,23730,5527
2026-08-07,2026-08-17 15:30:00,24041,5613
2026-08-07,2026-08-17 16:00:00,25206,5721
2026-08-07,2026-08-17 16:30:00,25924,5871
2026-08-07,2026-08-17 17:00:00,27363,6023
2026-08-07,2026-08-17 17:30:00,27704,6214
2026-08-07,2026-08-17 18:00:00,28241,6236
2026-08-07,2026-08-17 18:30:00,28009,6094
2026-08-07,2026-08-17 19:00:00,27771,6001
2026-08-07,2026-08-17 19:30:00,28320,5942
2026-08-07,2026-08-17 20:00:00,28732,5919
2026-08-07,2026-08-17 20:30:00,28192,5927
2026-08-07,2026-08-17 21:00:00,27326,5965
2026-08-07,2026-08-17 21:30:00,26009,6046
2026-08-07,2026-08-17 22:00:00,24746,6171
2026-08-07,2026-08-17 22:30:00,23572,6321
2026-08-07,2026-08-17 23:00:00,22629,6506
2026-08-07,2026-08-17 23:30:00,21815,6742
2026-08-07,2026-08-18,21403,6789
2026-08-07,2026-08-18 00:30:00,20888,6636
2026-08-07,2026-08-18 01:00:00,20935,6511
2026-08-07,2026-08-18 01:30:00,20230,6425
2026-08-07,2026-08-18 02:00:00,19787,6371
2026-08-07,2026-08-18 02:30:00,19373,6331
2026-08-07,2026-08-18 03:00:00,19220,6330
2026-08-07,2026-08-18 03:30:00,18995,6355
2026-08-07,2026-08-18 04:00:00,18903,6411
2026-08-07,2026-08-18 04:30:00,19069,6500
2026-08-07,2026-08-18 05:00:00,19652,6626
2026-08-07,2026-08-18 05:30:00,20836,6771
2026-08-07,2026-08-18 06:00:00,21820,6753
2026-08-07,2026-08-18 06:30:00,23710,6563
2026-08-07,2026-08-18 07:00:00,24676,6436
2026-08-07,2026-08-18 07:30:00,25810,6315
2026-08-07,2026-08-18 08:00:00,25729,6230
2026-08-07,2026-08-18 08:30:00,25615,6047
2026-08-07,2026-08-18 09:00:00,24527,6024
2026-08-07,2026-08-18 09:30:00,23694,6029
2026-08-07,2026-08-18 10:00:00,23319,6068
2026-08-07,2026-08-18 10:30:00,22553,6144
2026-08-07,2026-08-18 11:00:00,22082,6245
2026-08-07,2026-08-18 11:30:00,22087,6360
2026-08-07,2026-08-18 12:00:00,21804,6364
2026-08-07,2026-08-18 12:30:00,21714,6249
2026-08-07,2026-08-18 13:00:00,21507,6141
2026-08-07,2026-08-18 13:30:00,21684,6208
2026-08-07,2026-08-18 14:00:00,22231,6165
2026-08-07,2026-08-18 14:30:00,22578,6153
2026-08-07,2026-08-18 15:00:00,22753,6181
2026-08-07,2026-08-18 15:30:00,22873,6227
2026-08-07,2026-08-18 16:00:00,24130,6300
2026-08-07,2026-08-18 16:30:00,25677,6410
2026-08-07,2026-08-18 17:00:00,27033,6555
2026-08-07,2026-08-18 17:30:00,27460,6724
2026-08-07,2026-08-18 18:00:00,28021,6722
2026-08-07,2026-08-18 18:30:00,27908,6550
2026-08-07,2026-08-18 19:00:00,27974,6406
2026-08-07,2026-08-18 19:30:00,28029,6305
2026-08-07,2026-08-18 20:00:00,27773,6242
2026-08-07,2026-08-18 20:30:00,27669,6209
2026-08-07,2026-08-18 21:00:00,26836,6226
2026-08-07,2026-08-18 21:30:00,25451,6279
2026-08-07,2026-08-18 22:00:00,24725,6370
2026-08-07,2026-08-18 22:30:00,23053,6514
2026-08-07,2026-08-18 23:00:00,22199,6706
2026-08-07,2026-08-18 23:30:00,21996,6939
2026-08-07,2026-08-19,21523,6993
2026-08-07,2026-08-19 00:30:00,20947,6839
2026-08-07,2026-08-19 01:00:00,20935,6716
2026-08-07,2026-08-19 01:30:00,20231,6635
2026-08-07,2026-08-19 02:00:00,19790,6578
2026-08-07,2026-08-19 02:30:00,19377,6554
2026-08-07,2026-08-19 03:00:00,19225,6561
2026-08-07,2026-08-19 03:30:00,19001,6605
2026-08-07,2026-08-19 04:00:00,18911,6672
2026-08-07,2026-08-19 04:30:00,19075,6761
2026-08-07,2026-08-19 05:00:00,19660,6896
2026-08-07,2026-08-19 05:30:00,20849,7049
2026-08-07,2026-08-19 06:00:00,21839,7045
2026-08-07,2026-08-19 06:30:00,23737,6881
2026-08-07,2026-08-19 07:00:00,24710,6740
2026-08-07,2026-08-19 07:30:00,25849,6628
2026-08-07,2026-08-19 08:00:00,25772,6542
2026-08-07,2026-08-19 08:30:00,25661,6355
2026-08-07,2026-08-19 09:00:00,24573,6333
2026-08-07,2026-08-19 09:30:00,23737,6322
2026-08-07,2026-08-19 10:00:00,23360,6336
2026-08-07,2026-08-19 10:30:00,22602,6382
2026-08-07,2026-08-19 11:00:00,22138,6442
2026-08-07,2026-08-19 11:30:00,22154,6530
2026-08-07,2026-08-19 12:00:00,21871,6518
2026-08-07,2026-08-19 12:30:00,21780,6401
2026-08-07,2026-08-19 13:00:00,21572,6326
2026-08-07,2026-08-19 13:30:00,21752,6379
2026-08-07,2026-08-19 14:00:00,22298,6358
2026-08-07,2026-08-19 14:30:00,22646,6370
2026-08-07,2026-08-19 15:00:00,22819,6397
2026-08-07,2026-08-19 15:30:00,22938,6453
2026-08-07,2026-08-19 16:00:00,24200,6544
2026-08-07,2026-08-19 16:30:00,25751,6647
2026-08-07,2026-08-19 17:00:00,27108,6788
2026-08-07,2026-08-19 17:30:00,27533,6942
2026-08-07,2026-08-19 18:00:00,28089,6956
2026-08-07,2026-08-19 18:30:00,27968,6813
2026-08-07,2026-08-19 19:00:00,28031,6712
2026-08-07,2026-08-19 19:30:00,28079,6643
2026-08-07,2026-08-19 20:00:00,27812,6600
2026-08-07,2026-08-19 20:30:00,27702,6595
2026-08-07,2026-08-19 21:00:00,26863,6621
2026-08-07,2026-08-19 21:30:00,25472,6658
2026-08-07,2026-08-19 22:00:00,24739,6750
2026-08-07,2026-08-19 22:30:00,23061,6866
2026-08-07,2026-08-19 23:00:00,22201,7022
2026-08-07,2026-08-19 23:30:00,22001,7206
2026-08-07,2026-08-20,21527,7232
2026-08-07,2026-08-20 00:30:00,20950,7120
2026-08-07,2026-08-20 01:00:00,20938,7028
2026-08-07,2026-08-20 01:30:00,20235,6967
2026-08-07,2026-08-20 02:00:00,19794,6930
2026-08-07,2026-08-20 02:30:00,19382,6914
2026-08-07,2026-08-20 03:00:00,19232,6929
2026-08-07,2026-08-20 03:30:00,19009,6958
2026-08-07,2026-08-20 04:00:00,18919,7000
2026-08-07,2026-08-20 04:30:00,19082,7073
2026-08-07,2026-08-20 05:00:00,19669,7150
2026-08-07,2026-08-20 05:30:00,20862,7262
2026-08-07,2026-08-20 06:00:00,21857,7236
2026-08-07,2026-08-20 06:30:00,23765,7067
2026-08-07,2026-08-20 07:00:00,24745,6923
2026-08-07,2026-08-20 07:30:00,25891,6813
2026-08-07,2026-08-20 08:00:00,25816,6720
2026-08-07,2026-08-20 08:30:00,25707,6528
2026-08-07,2026-08-20 09:00:00,24620,6469
2026-08-07,2026-08-20 09:30:00,23783,6447
2026-08-07,2026-08-20 10:00:00,23403,6443
2026-08-07,2026-08-20 10:30:00,22654,6465
2026-08-07,2026-08-20 11:00:00,22197,6506
2026-08-07,2026-08-20 11:30:00,22222,6575
2026-08-07,2026-08-20 12:00:00,21938,6550
2026-08-07,2026-08-20 12:30:00,21849,6430
2026-08-07,2026-08-20 13:00:00,21643,6346
2026-08-07,2026-08-20 13:30:00,21821,6407
2026-08-07,2026-08-20 14:00:00,22369,6375
2026-08-07,2026-08-20 14:30:00,22717,6370
2026-08-07,2026-08-20 15:00:00,22889,6395
2026-08-07,2026-08-20 15:30:00,23010,6443
2026-08-07,2026-08-20 16:00:00,24225,6525
2026-08-07,2026-08-20 16:30:00,25730,6628
2026-08-07,2026-08-20 17:00:00,27042,6749
2026-08-07,2026-08-20 17:30:00,27494,6910
2026-08-07,2026-08-20 18:00:00,28073,6909
2026-08-07,2026-08-20 18:30:00,27975,6747
2026-08-07,2026-08-20 19:00:00,28060,6605
2026-08-07,2026-08-20 19:30:00,28135,6500
2026-08-07,2026-08-20 20:00:00,27856,6411
2026-08-07,2026-08-20 20:30:00,27738,6352
2026-08-07,2026-08-20 21:00:00,26892,6338
2026-08-07,2026-08-20 21:30:00,25494,6332
2026-08-07,2026-08-20 22:00:00,24756,6367
2026-08-07,2026-08-20 22:30:00,23070,6430
2026-08-07,2026-08-20 23:00:00,22204,6524
2026-08-07,2026-08-20 23:30:00,22007,6654
2026-08-07,2026-08-21,21762,6646
2026-08-07,2026-08-21 00:30:00,21406,6488
2026-08-07,2026-08-21 01:00:00,20942,6351
2026-08-07,2026-08-21 01:30:00,20353,6224
2026-08-07,2026-08-21 02:00:00,20133,6114
2026-08-07,2026-08-21 02:30:00,19748,6020
2026-08-07,2026-08-21 03:00:00,19307,5966
2026-08-07,2026-08-21 03:30:00,19077,5927
2026-08-07,2026-08-21 04:00:00,18928,5922
2026-08-07,2026-08-21 04:30:00,19067,5933
2026-08-07,2026-08-21 05:00:00,19099,5979
2026-08-07,2026-08-21 05:30:00,20485,6045
2026-08-07,2026-08-21 06:00:00,21403,5979
2026-08-07,2026-08-21 06:30:00,22844,5778
2026-08-07,2026-08-21 07:00:00,23811,5604
2026-08-07,2026-08-21 07:30:00,24707,5451
2026-08-07,2026-08-21 08:00:00,24415,5325
2026-08-07,2026-08-21 08:30:00,24307,NA
2026-08-07,2026-08-21 09:00:00,23981,NA
2026-08-07,2026-08-21 09:30:00,23677,NA
2026-08-07,2026-08-21 10:00:00,23450,NA
2026-08-07,2026-08-21 10:30:00,22302,NA
2026-08-07,2026-08-21 11:00:00,21703,NA
2026-08-07,2026-08-21 11:30:00,21803,NA
2026-08-07,2026-08-21 12:00:00,22121,NA
2026-08-07,2026-08-21 12:30:00,22509,NA
2026-08-07,2026-08-21 13:00:00,22204,NA
2026-08-07,2026-08-21 13:30:00,21590,NA
2026-08-07,2026-08-21 14:00:00,21468,NA
2026-08-07,2026-08-21 14:30:00,21268,NA
2026-08-07,2026-08-21 15:00:00,21638,NA
2026-08-07,2026-08-21 15:30:00,21977,NA
2026-08-07,2026-08-21 16:00:00,23177,NA
2026-08-07,2026-08-21 16:30:00,24508,NA
2026-08-07,2026-08-21 17:00:00,25763,NA
2026-08-07,2026-08-21 17:30:00,26320,NA
2026-08-07,2026-08-21 18:00:00,26848,NA
2026-08-07,2026-08-21 18:30:00,26679,NA
2026-08-07,2026-08-21 19:00:00,26598,NA
2026-08-07,2026-08-21 19:30:00,26843,NA
2026-08-07,2026-08-21 20:00:00,27056,NA
2026-08-07,2026-08-21 20:30:00,26611,NA
2026-08-07,2026-08-21 21:00:00,25622,NA
2026-08-07,2026-08-21 21:30:00,24483,NA
2026-08-07,2026-08-21 22:00:00,23776,NA
2026-08-07,2026-08-21 22:30:00,22837,NA
2026-08-07,2026-08-21 23:00:00,21894,NA
2026-08-09,2026-08-09 08:30:00,NA,6043
2026-08-09,2026-08-09 09:00:00,NA,6020
2026-08-09,2026-08-09 09:30:00,NA,5802
2026-08-09,2026-08-09 10:00:00,NA,5717
2026-08-09,2026-08-09 10:30:00,NA,5761
2026-08-09,2026-08-09 11:00:00,NA,5710
2026-08-09,2026-08-09 11:30:00,NA,5622
2026-08-09,2026-08-09 12:00:00,NA,5544
2026-08-09,2026-08-09 12:30:00,NA,5466
2026-08-09,2026-08-09 13:00:00,NA,5418
2026-08-09,2026-08-09 13:30:00,NA,5368
2026-08-09,2026-08-09 14:00:00,NA,5432
2026-08-09,2026-08-09 14:30:00,NA,5595
2026-08-09,2026-08-09 15:00:00,NA,5747
2026-08-09,2026-08-09 15:30:00,NA,5863
2026-08-09,2026-08-09 16:00:00,NA,5979
2026-08-09,2026-08-09 16:30:00,NA,6052
2026-08-09,2026-08-09 17:00:00,NA,6083
2026-08-09,2026-08-09 17:30:00,NA,6102
2026-08-09,2026-08-09 18:00:00,NA,6167
2026-08-09,2026-08-09 18:30:00,NA,6304
2026-08-09,2026-08-09 19:00:00,NA,6380
2026-08-09,2026-08-09 19:30:00,NA,6409
2026-08-09,2026-08-09 20:00:00,NA,6406
2026-08-09,2026-08-09 20:30:00,NA,6361
2026-08-09,2026-08-09 21:00:00,NA,6332
2026-08-09,2026-08-09 21:30:00,NA,6265
2026-08-09,2026-08-09 22:00:00,NA,6226
2026-08-09,2026-08-09 22:30:00,NA,6211
2026-08-09,2026-08-09 23:00:00,NA,6187
2026-08-09,2026-08-09 23:30:00,NA,6215
2026-08-09,2026-08-10,NA,6222
2026-08-09,2026-08-10 00:30:00,NA,6300
2026-08-09,2026-08-10 01:00:00,NA,6362
2026-08-09,2026-08-10 01:30:00,NA,6379
2026-08-09,2026-08-10 02:00:00,NA,6367
2026-08-09,2026-08-10 02:30:00,NA,6321
2026-08-09,2026-08-10 03:00:00,NA,6234
2026-08-09,2026-08-10 03:30:00,NA,6103
2026-08-09,2026-08-10 04:00:00,NA,5975
2026-08-09,2026-08-10 04:30:00,NA,5813
2026-08-09,2026-08-10 05:00:00,NA,5631
2026-08-09,2026-08-10 05:30:00,NA,5396
2026-08-09,2026-08-10 06:00:00,NA,5200
2026-08-09,2026-08-10 06:30:00,NA,5031
2026-08-09,2026-08-10 07:00:00,NA,4928
2026-08-09,2026-08-10 07:30:00,NA,4890
2026-08-09,2026-08-10 08:00:00,NA,4791
2026-08-09,2026-08-10 08:30:00,NA,4643
2026-08-09,2026-08-10 09:00:00,NA,4466
2026-08-09,2026-08-10 09:30:00,NA,4285
2026-08-09,2026-08-10 10:00:00,NA,4103
2026-08-09,2026-08-10 10:30:00,NA,3944
2026-08-09,2026-08-10 11:00:00,NA,3810
2026-08-09,2026-08-10 11:30:00,NA,3704
2026-08-09,2026-08-10 12:00:00,NA,3643
2026-08-09,2026-08-10 12:30:00,NA,3574
2026-08-09,2026-08-10 13:00:00,NA,3541
2026-08-09,2026-08-10 13:30:00,NA,3508
2026-08-09,2026-08-10 14:00:00,NA,3505
2026-08-09,2026-08-10 14:30:00,NA,3494
2026-08-09,2026-08-10 15:00:00,NA,3438
2026-08-09,2026-08-10 15:30:00,NA,3262
2026-08-09,2026-08-10 16:00:00,NA,3102
2026-08-09,2026-08-10 16:30:00,NA,2941
2026-08-09,2026-08-10 17:00:00,NA,2778
2026-08-09,2026-08-10 17:30:00,NA,2622
2026-08-09,2026-08-10 18:00:00,NA,2469
2026-08-09,2026-08-10 18:30:00,NA,2312
2026-08-09,2026-08-10 19:00:00,NA,2165
2026-08-09,2026-08-10 19:30:00,NA,2022
2026-08-09,2026-08-10 20:00:00,NA,1869
2026-08-09,2026-08-10 20:30:00,NA,1721
2026-08-09,2026-08-10 21:00:00,NA,1607
2026-08-09,2026-08-10 21:30:00,NA,1481
2026-08-09,2026-08-10 22:00:00,NA,1400
2026-08-09,2026-08-10 22:30:00,NA,1317
2026-08-09,2026-08-10 23:00:00,NA,1272
2026-08-09,2026-08-10 23:30:00,22636,1238
2026-08-09,2026-08-11,21768,1213
2026-08-09,2026-08-11 00:30:00,22162,1212
2026-08-09,2026-08-11 01:00:00,21985,1222
2026-08-09,2026-08-11 01:30:00,21666,1273
2026-08-09,2026-08-11 02:00:00,21238,1334
2026-08-09,2026-08-11 02:30:00,20572,1417
2026-08-09,2026-08-11 03:00:00,20297,1539
2026-08-09,2026-08-11 03:30:00,20102,1685
2026-08-09,2026-08-11 04:00:00,19828,1858
2026-08-09,2026-08-11 04:30:00,19537,2027
2026-08-09,2026-08-11 05:00:00,19974,2213
2026-08-09,2026-08-11 05:30:00,21290,2405
2026-08-09,2026-08-11 06:00:00,22218,2559
2026-08-09,2026-08-11 06:30:00,23542,2706
2026-08-09,2026-08-11 07:00:00,23896,2825
2026-08-09,2026-08-11 07:30:00,24170,2949
2026-08-09,2026-08-11 08:00:00,23701,3046
2026-08-09,2026-08-11 08:30:00,22961,3172
2026-08-09,2026-08-11 09:00:00,21695,3311
2026-08-09,2026-08-11 09:30:00,21053,3456
2026-08-09,2026-08-11 10:00:00,20664,3489
2026-08-09,2026-08-11 10:30:00,19839,3673
2026-08-09,2026-08-11 11:00:00,19325,3866
2026-08-09,2026-08-11 11:30:00,19022,4117
2026-08-09,2026-08-11 12:00:00,19013,4393
2026-08-09,2026-08-11 12:30:00,18572,4712
2026-08-09,2026-08-11 13:00:00,18504,5081
2026-08-09,2026-08-11 13:30:00,19058,5494
2026-08-09,2026-08-11 14:00:00,19540,5887
2026-08-09,2026-08-11 14:30:00,19622,6258
2026-08-09,2026-08-11 15:00:00,20437,6593
2026-08-09,2026-08-11 15:30:00,20731,6887
2026-08-09,2026-08-11 16:00:00,22554,7165
2026-08-09,2026-08-11 16:30:00,23855,7392
2026-08-09,2026-08-11 17:00:00,25742,7588
2026-08-09,2026-08-11 17:30:00,27225,7730
2026-08-09,2026-08-11 18:00:00,27669,7985
2026-08-09,2026-08-11 18:30:00,28044,8263
2026-08-09,2026-08-11 19:00:00,27320,8559
2026-08-09,2026-08-11 19:30:00,27419,8887
2026-08-09,2026-08-11 20:00:00,26995,9160
2026-08-09,2026-08-11 20:30:00,26970,9369
2026-08-09,2026-08-11 21:00:00,26084,9523
2026-08-09,2026-08-11 21:30:00,25521,9617
2026-08-09,2026-08-11 22:00:00,24193,9679
2026-08-09,2026-08-11 22:30:00,22880,9707
2026-08-09,2026-08-11 23:00:00,22629,9719
2026-08-09,2026-08-11 23:30:00,22222,9731
2026-08-09,2026-08-12,22512,9708
2026-08-09,2026-08-12 00:30:00,21419,9673
2026-08-09,2026-08-12 01:00:00,21092,9612
2026-08-09,2026-08-12 01:30:00,20790,9552
2026-08-09,2026-08-12 02:00:00,20385,9460
2026-08-09,2026-08-12 02:30:00,19745,9337
2026-08-09,2026-08-12 03:00:00,19516,9210
2026-08-09,2026-08-12 03:30:00,19368,9050
2026-08-09,2026-08-12 04:00:00,19139,8916
2026-08-09,2026-08-12 04:30:00,18898,8798
2026-08-09,2026-08-12 05:00:00,19379,8692
2026-08-09,2026-08-12 05:30:00,20768,8588
2026-08-09,2026-08-12 06:00:00,21800,8475
2026-08-09,2026-08-12 06:30:00,23230,8363
2026-08-09,2026-08-12 07:00:00,23663,8002
2026-08-09,2026-08-12 07:30:00,24045,7740
2026-08-09,2026-08-12 08:00:00,23658,7496
2026-08-09,2026-08-12 08:30:00,23019,7311
2026-08-09,2026-08-12 09:00:00,21778,7266
2026-08-09,2026-08-12 09:30:00,21160,7237
2026-08-09,2026-08-12 10:00:00,20713,7231
2026-08-09,2026-08-12 10:30:00,19736,7255
2026-08-09,2026-08-12 11:00:00,19106,7292
2026-08-09,2026-08-12 11:30:00,18718,7356
2026-08-09,2026-08-12 12:00:00,18677,7410
2026-08-09,2026-08-12 12:30:00,18268,7448
2026-08-09,2026-08-12 13:00:00,18329,7472
2026-08-09,2026-08-12 13:30:00,19032,7483
2026-08-09,2026-08-12 14:00:00,19671,7501
2026-08-09,2026-08-12 14:30:00,19929,7524
2026-08-09,2026-08-12 15:00:00,21004,7542
2026-08-09,2026-08-12 15:30:00,21464,7543
2026-08-09,2026-08-12 16:00:00,23469,7520
2026-08-09,2026-08-12 16:30:00,24917,7486
2026-08-09,2026-08-12 17:00:00,26887,7451
2026-08-09,2026-08-12 17:30:00,28603,7434
2026-08-09,2026-08-12 18:00:00,29937,7409
2026-08-09,2026-08-12 18:30:00,30489,7367
2026-08-09,2026-08-12 19:00:00,28815,7346
2026-08-09,2026-08-12 19:30:00,28612,7368
2026-08-09,2026-08-12 20:00:00,28201,7387
2026-08-09,2026-08-12 20:30:00,28150,7391
2026-08-09,2026-08-12 21:00:00,27273,7291
2026-08-09,2026-08-12 21:30:00,26750,7092
2026-08-09,2026-08-12 22:00:00,25474,6919
2026-08-09,2026-08-12 22:30:00,24199,6789
2026-08-09,2026-08-12 23:00:00,23981,6637
2026-08-09,2026-08-12 23:30:00,23904,6486
2026-08-09,2026-08-13,23238,6253
2026-08-09,2026-08-13 00:30:00,22854,5916
2026-08-09,2026-08-13 01:00:00,22434,5599
2026-08-09,2026-08-13 01:30:00,22232,5317
2026-08-09,2026-08-13 02:00:00,21911,5053
2026-08-09,2026-08-13 02:30:00,21316,4825
2026-08-09,2026-08-13 03:00:00,21129,4609
2026-08-09,2026-08-13 03:30:00,21040,4400
2026-08-09,2026-08-13 04:00:00,20882,4226
2026-08-09,2026-08-13 04:30:00,20712,4087
2026-08-09,2026-08-13 05:00:00,21158,3971
2026-08-09,2026-08-13 05:30:00,22457,3878
2026-08-09,2026-08-13 06:00:00,23616,3758
2026-08-09,2026-08-13 06:30:00,25076,3623
2026-08-09,2026-08-13 07:00:00,25634,3489
2026-08-09,2026-08-13 07:30:00,26140,3395
2026-08-09,2026-08-13 08:00:00,25783,3289
2026-08-09,2026-08-13 08:30:00,25230,3242
2026-08-09,2026-08-13 09:00:00,24211,3199
2026-08-09,2026-08-13 09:30:00,23548,3177
2026-08-09,2026-08-13 10:00:00,23035,3192
2026-08-09,2026-08-13 10:30:00,22091,3236
2026-08-09,2026-08-13 11:00:00,21495,3310
2026-08-09,2026-08-13 11:30:00,21062,3414
2026-08-09,2026-08-13 12:00:00,20993,3497
2026-08-09,2026-08-13 12:30:00,20591,3541
2026-08-09,2026-08-13 13:00:00,20572,3608
2026-08-09,2026-08-13 13:30:00,21282,3700
2026-08-09,2026-08-13 14:00:00,21864,3818
2026-08-09,2026-08-13 14:30:00,22049,3954
2026-08-09,2026-08-13 15:00:00,22890,4001
2026-08-09,2026-08-13 15:30:00,23380,3973
2026-08-09,2026-08-13 16:00:00,25065,3980
2026-08-09,2026-08-13 16:30:00,26008,4001
2026-08-09,2026-08-13 17:00:00,27606,4081
2026-08-09,2026-08-13 17:30:00,28897,4233
2026-08-09,2026-08-13 18:00:00,29419,4234
2026-08-09,2026-08-13 18:30:00,30048,4122
2026-08-09,2026-08-13 19:00:00,29496,4092
2026-08-09,2026-08-13 19:30:00,29376,4126
2026-08-09,2026-08-13 20:00:00,29066,4221
2026-08-09,2026-08-13 20:30:00,28993,4378
2026-08-09,2026-08-13 21:00:00,28106,4311
2026-08-09,2026-08-13 21:30:00,27576,4050
2026-08-09,2026-08-13 22:00:00,26282,3874
2026-08-09,2026-08-13 22:30:00,24980,3805
2026-08-09,2026-08-13 23:00:00,24729,3816
2026-08-09,2026-08-13 23:30:00,24432,3926
2026-08-09,2026-08-14,23253,3846
2026-08-09,2026-08-14 00:30:00,23427,3611
2026-08-09,2026-08-14 01:00:00,22937,3463
2026-08-09,2026-08-14 01:30:00,22481,3427
2026-08-09,2026-08-14 02:00:00,22424,3488
2026-08-09,2026-08-14 02:30:00,22165,3674
2026-08-09,2026-08-14 03:00:00,21797,3659
2026-08-09,2026-08-14 03:30:00,21372,3458
2026-08-09,2026-08-14 04:00:00,21262,3347
2026-08-09,2026-08-14 04:30:00,21062,3357
2026-08-09,2026-08-14 05:00:00,21304,3478
2026-08-09,2026-08-14 05:30:00,22762,3744
2026-08-09,2026-08-14 06:00:00,23650,3815
2026-08-09,2026-08-14 06:30:00,25448,3670
2026-08-09,2026-08-14 07:00:00,26249,3590
2026-08-09,2026-08-14 07:30:00,27121,3585
2026-08-09,2026-08-14 08:00:00,26823,3649
2026-08-09,2026-08-14 08:30:00,26351,3788
2026-08-09,2026-08-14 09:00:00,25674,3815
2026-08-09,2026-08-14 09:30:00,24685,3756
2026-08-09,2026-08-14 10:00:00,23813,3760
2026-08-09,2026-08-14 10:30:00,23002,3818
2026-08-09,2026-08-14 11:00:00,22728,3943
2026-08-09,2026-08-14 11:30:00,22455,4128
2026-08-09,2026-08-14 12:00:00,22053,4199
2026-08-09,2026-08-14 12:30:00,21802,4163
2026-08-09,2026-08-14 13:00:00,21556,4191
2026-08-09,2026-08-14 13:30:00,21898,4281
2026-08-09,2026-08-14 14:00:00,22070,4452
2026-08-09,2026-08-14 14:30:00,21707,4677
2026-08-09,2026-08-14 15:00:00,22168,4489
2026-08-09,2026-08-14 15:30:00,23001,4282
2026-08-09,2026-08-14 16:00:00,23638,4397
2026-08-09,2026-08-14 16:30:00,24377,4443
2026-08-09,2026-08-14 17:00:00,25450,4545
2026-08-09,2026-08-14 17:30:00,25963,4686
2026-08-09,2026-08-14 18:00:00,26439,4642
2026-08-09,2026-08-14 18:30:00,26591,4419
2026-08-09,2026-08-14 19:00:00,26658,4275
2026-08-09,2026-08-14 19:30:00,26503,4213
2026-08-09,2026-08-14 20:00:00,26851,4224
2026-08-09,2026-08-14 20:30:00,27354,4320
2026-08-09,2026-08-14 21:00:00,27526,4319
2026-08-09,2026-08-14 21:30:00,26602,4186
2026-08-09,2026-08-14 22:00:00,25629,4112
2026-08-09,2026-08-14 22:30:00,24373,4097
2026-08-09,2026-08-14 23:00:00,23879,4140
2026-08-09,2026-08-14 23:30:00,23242,4268
2026-08-09,2026-08-15,22376,4298
2026-08-09,2026-08-15 00:30:00,22409,4176
2026-08-09,2026-08-15 01:00:00,22121,4074
2026-08-09,2026-08-15 01:30:00,21733,3989
2026-08-09,2026-08-15 02:00:00,20998,3931
2026-08-09,2026-08-15 02:30:00,20636,3891
2026-08-09,2026-08-15 03:00:00,20299,3847
2026-08-09,2026-08-15 03:30:00,19776,3826
2026-08-09,2026-08-15 04:00:00,19853,3826
2026-08-09,2026-08-15 04:30:00,19698,3850
2026-08-09,2026-08-15 05:00:00,19491,3884
2026-08-09,2026-08-15 05:30:00,20148,3948
2026-08-09,2026-08-15 06:00:00,20758,3882
2026-08-09,2026-08-15 06:30:00,21860,3713
2026-08-09,2026-08-15 07:00:00,22233,3559
2026-08-09,2026-08-15 07:30:00,22448,3415
2026-08-09,2026-08-15 08:00:00,22294,3261
2026-08-09,2026-08-15 08:30:00,22169,3168
2026-08-09,2026-08-15 09:00:00,21807,3102
2026-08-09,2026-08-15 09:30:00,21454,3054
2026-08-09,2026-08-15 10:00:00,21265,3008
2026-08-09,2026-08-15 10:30:00,20395,2997
2026-08-09,2026-08-15 11:00:00,20035,2994
2026-08-09,2026-08-15 11:30:00,19908,3011
2026-08-09,2026-08-15 12:00:00,19535,2978
2026-08-09,2026-08-15 12:30:00,19601,2908
2026-08-09,2026-08-15 13:00:00,19351,2855
2026-08-09,2026-08-15 13:30:00,19641,2831
2026-08-09,2026-08-15 14:00:00,19438,2833
2026-08-09,2026-08-15 14:30:00,19724,2862
2026-08-09,2026-08-15 15:00:00,19774,2900
2026-08-09,2026-08-15 15:30:00,20621,2960
2026-08-09,2026-08-15 16:00:00,21497,3048
2026-08-09,2026-08-15 16:30:00,22986,3155
2026-08-09,2026-08-15 17:00:00,24290,3276
2026-08-09,2026-08-15 17:30:00,24996,3426
2026-08-09,2026-08-15 18:00:00,25568,3407
2026-08-09,2026-08-15 18:30:00,25505,3211
2026-08-09,2026-08-15 19:00:00,25692,3048
2026-08-09,2026-08-15 19:30:00,25934,2914
2026-08-09,2026-08-15 20:00:00,26304,2794
2026-08-09,2026-08-15 20:30:00,26315,2702
2026-08-09,2026-08-15 21:00:00,26070,2624
2026-08-09,2026-08-15 21:30:00,25668,2583
2026-08-09,2026-08-15 22:00:00,24628,2546
2026-08-09,2026-08-15 22:30:00,23603,2536
2026-08-09,2026-08-15 23:00:00,22832,2554
2026-08-09,2026-08-15 23:30:00,22285,2596
2026-08-09,2026-08-16,21327,2597
2026-08-09,2026-08-16 00:30:00,21493,2545
2026-08-09,2026-08-16 01:00:00,21296,2504
2026-08-09,2026-08-16 01:30:00,20957,2481
2026-08-09,2026-08-16 02:00:00,20328,2462
2026-08-09,2026-08-16 02:30:00,19778,2460
2026-08-09,2026-08-16 03:00:00,19296,2469
2026-08-09,2026-08-16 03:30:00,19043,2500
2026-08-09,2026-08-16 04:00:00,18874,2543
2026-08-09,2026-08-16 04:30:00,18720,2605
2026-08-09,2026-08-16 05:00:00,18416,2672
2026-08-09,2026-08-16 05:30:00,18399,2767
2026-08-09,2026-08-16 06:00:00,18566,2739
2026-08-09,2026-08-16 06:30:00,19219,2602
2026-08-09,2026-08-16 07:00:00,19241,2485
2026-08-09,2026-08-16 07:30:00,19685,2392
2026-08-09,2026-08-16 08:00:00,19437,2314
2026-08-09,2026-08-16 08:30:00,19653,2254
2026-08-09,2026-08-16 09:00:00,19544,2211
2026-08-09,2026-08-16 09:30:00,19007,2178
2026-08-09,2026-08-16 10:00:00,18630,2157
2026-08-09,2026-08-16 10:30:00,18726,2160
2026-08-09,2026-08-16 11:00:00,19023,2175
2026-08-09,2026-08-16 11:30:00,19439,2216
2026-08-09,2026-08-16 12:00:00,19207,2226
2026-08-09,2026-08-16 12:30:00,18973,2237
2026-08-09,2026-08-16 13:00:00,18809,2257
2026-08-09,2026-08-16 13:30:00,18765,2296
2026-08-09,2026-08-16 14:00:00,19036,2343
2026-08-09,2026-08-16 14:30:00,19329,2410
2026-08-09,2026-08-16 15:00:00,19956,2496
2026-08-09,2026-08-16 15:30:00,21375,2590
2026-08-09,2026-08-16 16:00:00,22579,2725
2026-08-09,2026-08-16 16:30:00,23360,2850
2026-08-09,2026-08-16 17:00:00,24765,3010
2026-08-09,2026-08-16 17:30:00,25804,3185
2026-08-09,2026-08-16 18:00:00,26050,3190
2026-08-09,2026-08-16 18:30:00,25917,3041
2026-08-09,2026-08-16 19:00:00,25968,2920
2026-08-09,2026-08-16 19:30:00,25870,2835
2026-08-09,2026-08-16 20:00:00,26594,2775
2026-08-09,2026-08-16 20:30:00,26682,2749
2026-08-09,2026-08-16 21:00:00,26189,2747
2026-08-09,2026-08-16 21:30:00,24859,2775
2026-08-09,2026-08-16 22:00:00,24404,2819
2026-08-09,2026-08-16 22:30:00,22788,2899
2026-08-09,2026-08-16 23:00:00,22129,3019
2026-08-09,2026-08-16 23:30:00,21676,3169
2026-08-09,2026-08-17,20993,3222
2026-08-09,2026-08-17 00:30:00,21211,3157
2026-08-09,2026-08-17 01:00:00,21053,3117
2026-08-09,2026-08-17 01:30:00,20492,3096
2026-08-09,2026-08-17 02:00:00,20183,3099
2026-08-09,2026-08-17 02:30:00,19565,3122
2026-08-09,2026-08-17 03:00:00,19279,3163
2026-08-09,2026-08-17 03:30:00,19212,3228
2026-08-09,2026-08-17 04:00:00,19255,3325
2026-08-09,2026-08-17 04:30:00,19352,3437
2026-08-09,2026-08-17 05:00:00,19628,3568
2026-08-09,2026-08-17 05:30:00,21092,3720
2026-08-09,2026-08-17 06:00:00,22131,3727
2026-08-09,2026-08-17 06:30:00,24224,3593
2026-08-09,2026-08-17 07:00:00,25029,3494
2026-08-09,2026-08-17 07:30:00,26101,3417
2026-08-09,2026-08-17 08:00:00,26277,3350
2026-08-09,2026-08-17 08:30:00,25758,3320
2026-08-09,2026-08-17 09:00:00,25330,3328
2026-08-09,2026-08-17 09:30:00,24681,3344
2026-08-09,2026-08-17 10:00:00,24199,3383
2026-08-09,2026-08-17 10:30:00,23743,3454
2026-08-09,2026-08-17 11:00:00,23611,3547
2026-08-09,2026-08-17 11:30:00,23384,3663
2026-08-09,2026-08-17 12:00:00,23207,3699
2026-08-09,2026-08-17 12:30:00,23161,3652
2026-08-09,2026-08-17 13:00:00,22780,3624
2026-08-09,2026-08-17 13:30:00,23085,3634
2026-08-09,2026-08-17 14:00:00,23570,3668
2026-08-09,2026-08-17 14:30:00,23767,3719
2026-08-09,2026-08-17 15:00:00,23990,3802
2026-08-09,2026-08-17 15:30:00,24313,3916
2026-08-09,2026-08-17 16:00:00,25456,4055
2026-08-09,2026-08-17 16:30:00,26154,4220
2026-08-09,2026-08-17 17:00:00,27573,4417
2026-08-09,2026-08-17 17:30:00,27909,4641
2026-08-09,2026-08-17 18:00:00,28441,4622
2026-08-09,2026-08-17 18:30:00,28208,4397
2026-08-09,2026-08-17 19:00:00,27971,4208
2026-08-09,2026-08-17 19:30:00,28521,4081
2026-08-09,2026-08-17 20:00:00,28935,3987
2026-08-09,2026-08-17 20:30:00,28401,3940
2026-08-09,2026-08-17 21:00:00,27544,3942
2026-08-09,2026-08-17 21:30:00,26236,3981
2026-08-09,2026-08-17 22:00:00,24984,4084
2026-08-09,2026-08-17 22:30:00,23821,4228
2026-08-09,2026-08-17 23:00:00,22891,4413
2026-08-09,2026-08-17 23:30:00,22479,4650
2026-08-09,2026-08-18,21857,4711
2026-08-09,2026-08-18 00:30:00,21589,4565
2026-08-09,2026-08-18 01:00:00,21709,4453
2026-08-09,2026-08-18 01:30:00,21003,4377
2026-08-09,2026-08-18 02:00:00,20560,4335
2026-08-09,2026-08-18 02:30:00,20142,4322
2026-08-09,2026-08-18 03:00:00,19988,4354
2026-08-09,2026-08-18 03:30:00,19752,4417
2026-08-09,2026-08-18 04:00:00,19648,4512
2026-08-09,2026-08-18 04:30:00,19785,4639
2026-08-09,2026-08-18 05:00:00,20346,4812
2026-08-09,2026-08-18 05:30:00,21527,5011
2026-08-09,2026-08-18 06:00:00,22498,5028
2026-08-09,2026-08-18 06:30:00,24442,4885
2026-08-09,2026-08-18 07:00:00,25468,4764
2026-08-09,2026-08-18 07:30:00,26699,4667
2026-08-09,2026-08-18 08:00:00,26692,4602
2026-08-09,2026-08-18 08:30:00,26635,4491
2026-08-09,2026-08-18 09:00:00,25591,4477
2026-08-09,2026-08-18 09:30:00,24778,4496
2026-08-09,2026-08-18 10:00:00,24429,4542
2026-08-09,2026-08-18 10:30:00,23634,4621
2026-08-09,2026-08-18 11:00:00,23136,4719
2026-08-09,2026-08-18 11:30:00,23107,4851
2026-08-09,2026-08-18 12:00:00,22842,4829
2026-08-09,2026-08-18 12:30:00,22789,4649
2026-08-09,2026-08-18 13:00:00,22652,4507
2026-08-09,2026-08-18 13:30:00,22878,4481
2026-08-09,2026-08-18 14:00:00,23478,4407
2026-08-09,2026-08-18 14:30:00,23854,4374
2026-08-09,2026-08-18 15:00:00,24054,4377
2026-08-09,2026-08-18 15:30:00,24156,4412
2026-08-09,2026-08-18 16:00:00,25181,4479
2026-08-09,2026-08-18 16:30:00,26470,4569
2026-08-09,2026-08-18 17:00:00,27555,4703
2026-08-09,2026-08-18 17:30:00,27924,4864
2026-08-09,2026-08-18 18:00:00,28410,4851
2026-08-09,2026-08-18 18:30:00,28277,4654
2026-08-09,2026-08-18 19:00:00,28346,4510
2026-08-09,2026-08-18 19:30:00,28664,4400
2026-08-09,2026-08-18 20:00:00,28443,4340
2026-08-09,2026-08-18 20:30:00,28404,4327
2026-08-09,2026-08-18 21:00:00,27618,4350
2026-08-09,2026-08-18 21:30:00,26275,4426
2026-08-09,2026-08-18 22:00:00,25591,4538
2026-08-09,2026-08-18 22:30:00,23941,4699
2026-08-09,2026-08-18 23:00:00,23116,4917
2026-08-09,2026-08-18 23:30:00,22748,5161
2026-08-09,2026-08-19,21988,5193
2026-08-09,2026-08-19 00:30:00,21665,5004
2026-08-09,2026-08-19 01:00:00,21693,4851
2026-08-09,2026-08-19 01:30:00,21009,4740
2026-08-09,2026-08-19 02:00:00,20587,4652
2026-08-09,2026-08-19 02:30:00,20190,4610
2026-08-09,2026-08-19 03:00:00,20057,4600
2026-08-09,2026-08-19 03:30:00,19843,4625
2026-08-09,2026-08-19 04:00:00,19759,4691
2026-08-09,2026-08-19 04:30:00,19905,4781
2026-08-09,2026-08-19 05:00:00,20477,4883
2026-08-09,2026-08-19 05:30:00,21669,5023
2026-08-09,2026-08-19 06:00:00,22652,5008
2026-08-09,2026-08-19 06:30:00,24605,4853
2026-08-09,2026-08-19 07:00:00,25640,4744
2026-08-09,2026-08-19 07:30:00,26876,4658
2026-08-09,2026-08-19 08:00:00,26876,4600
2026-08-09,2026-08-19 08:30:00,26826,4491
2026-08-09,2026-08-19 09:00:00,25786,4515
2026-08-09,2026-08-19 09:30:00,24976,4551
2026-08-09,2026-08-19 10:00:00,24630,4615
2026-08-09,2026-08-19 10:30:00,23872,4693
2026-08-09,2026-08-19 11:00:00,23409,4821
2026-08-09,2026-08-19 11:30:00,23419,4971
2026-08-09,2026-08-19 12:00:00,23163,4971
2026-08-09,2026-08-19 12:30:00,23111,4834
2026-08-09,2026-08-19 13:00:00,22968,4731
2026-08-09,2026-08-19 13:30:00,23193,4761
2026-08-09,2026-08-19 14:00:00,23786,4726
2026-08-09,2026-08-19 14:30:00,24157,4713
2026-08-09,2026-08-19 15:00:00,24348,4734
2026-08-09,2026-08-19 15:30:00,24442,4791
2026-08-09,2026-08-19 16:00:00,25472,4886
2026-08-09,2026-08-19 16:30:00,26763,5019
2026-08-09,2026-08-19 17:00:00,27847,5187
2026-08-09,2026-08-19 17:30:00,28190,5400
2026-08-09,2026-08-19 18:00:00,28646,5388
2026-08-09,2026-08-19 18:30:00,28487,5169
2026-08-09,2026-08-19 19:00:00,28536,4996
2026-08-09,2026-08-19 19:30:00,28839,4877
2026-08-09,2026-08-19 20:00:00,28609,4792
2026-08-09,2026-08-19 20:30:00,28564,4756
2026-08-09,2026-08-19 21:00:00,27773,4756
2026-08-09,2026-08-19 21:30:00,26424,4793
2026-08-09,2026-08-19 22:00:00,25736,4875
2026-08-09,2026-08-19 22:30:00,24079,5010
2026-08-09,2026-08-19 23:00:00,23249,5190
2026-08-09,2026-08-19 23:30:00,21988,5416
2026-08-09,2026-08-20,21518,5448
2026-08-09,2026-08-20 00:30:00,20944,5263
2026-08-09,2026-08-20 01:00:00,20934,5095
2026-08-09,2026-08-20 01:30:00,20231,4979
2026-08-09,2026-08-20 02:00:00,19790,4878
2026-08-09,2026-08-20 02:30:00,19378,4794
2026-08-09,2026-08-20 03:00:00,19227,4752
2026-08-09,2026-08-20 03:30:00,19004,4732
2026-08-09,2026-08-20 04:00:00,18913,4754
2026-08-09,2026-08-20 04:30:00,19076,4795
2026-08-09,2026-08-20 05:00:00,19663,4861
2026-08-09,2026-08-20 05:30:00,20856,4963
2026-08-09,2026-08-20 06:00:00,21850,4940
2026-08-09,2026-08-20 06:30:00,23757,4788
2026-08-09,2026-08-20 07:00:00,24737,4655
2026-08-09,2026-08-20 07:30:00,25882,4548
2026-08-09,2026-08-20 08:00:00,25806,4476
2026-08-09,2026-08-20 08:30:00,25697,4335
2026-08-09,2026-08-20 09:00:00,24609,4317
2026-08-09,2026-08-20 09:30:00,23773,4333
2026-08-09,2026-08-20 10:00:00,23393,4368
2026-08-09,2026-08-20 10:30:00,22640,4424
2026-08-09,2026-08-20 11:00:00,22180,4520
2026-08-09,2026-08-20 11:30:00,22201,4628
2026-08-09,2026-08-20 12:00:00,21920,4619
2026-08-09,2026-08-20 12:30:00,21833,4489
2026-08-09,2026-08-20 13:00:00,21629,4397
2026-08-09,2026-08-20 13:30:00,21810,4412
2026-08-09,2026-08-20 14:00:00,22360,4378
2026-08-09,2026-08-20 14:30:00,22711,4375
2026-08-09,2026-08-20 15:00:00,22885,4403
2026-08-09,2026-08-20 15:30:00,23009,4458
2026-08-09,2026-08-20 16:00:00,24225,4543
2026-08-09,2026-08-20 16:30:00,25732,4654
2026-08-09,2026-08-20 17:00:00,27046,4800
2026-08-09,2026-08-20 17:30:00,27427,4974
2026-08-09,2026-08-20 18:00:00,27934,4975
2026-08-09,2026-08-20 18:30:00,27766,4815
2026-08-09,2026-08-20 19:00:00,27779,4685
2026-08-09,2026-08-20 19:30:00,28029,4592
2026-08-09,2026-08-20 20:00:00,27765,4516
2026-08-09,2026-08-20 20:30:00,27661,4498
2026-08-09,2026-08-20 21:00:00,26830,4493
2026-08-09,2026-08-20 21:30:00,25448,4539
2026-08-09,2026-08-20 22:00:00,24724,4608
2026-08-09,2026-08-20 22:30:00,23053,4722
2026-08-09,2026-08-20 23:00:00,22201,4871
2026-08-09,2026-08-20 23:30:00,21994,5071
2026-08-09,2026-08-21,21752,5099
2026-08-09,2026-08-21 00:30:00,21400,4935
2026-08-09,2026-08-21 01:00:00,20938,4795
2026-08-09,2026-08-21 01:30:00,20349,4691
2026-08-09,2026-08-21 02:00:00,20129,4619
2026-08-09,2026-08-21 02:30:00,19743,4583
2026-08-09,2026-08-21 03:00:00,19302,4568
2026-08-09,2026-08-21 03:30:00,19072,4601
2026-08-09,2026-08-21 04:00:00,18922,4677
2026-08-09,2026-08-21 04:30:00,19061,4767
2026-08-09,2026-08-21 05:00:00,19093,4899
2026-08-09,2026-08-21 05:30:00,20479,5062
2026-08-09,2026-08-21 06:00:00,21396,5066
2026-08-09,2026-08-21 06:30:00,22836,4914
2026-08-09,2026-08-21 07:00:00,23802,4790
2026-08-09,2026-08-21 07:30:00,24698,4698
2026-08-09,2026-08-21 08:00:00,24405,4643
2026-08-09,2026-08-21 08:30:00,24298,4612
2026-08-09,2026-08-21 09:00:00,23971,4611
2026-08-09,2026-08-21 09:30:00,23667,4645
2026-08-09,2026-08-21 10:00:00,23440,4703
2026-08-09,2026-08-21 10:30:00,22289,4786
2026-08-09,2026-08-21 11:00:00,21687,4894
2026-08-09,2026-08-21 11:30:00,21785,5031
2026-08-09,2026-08-21 12:00:00,22100,5031
2026-08-09,2026-08-21 12:30:00,22491,4923
2026-08-09,2026-08-21 13:00:00,22188,4859
2026-08-09,2026-08-21 13:30:00,21578,4818
2026-08-09,2026-08-21 14:00:00,21458,4829
2026-08-09,2026-08-21 14:30:00,21261,4868
2026-08-09,2026-08-21 15:00:00,21634,4943
2026-08-09,2026-08-21 15:30:00,21976,5043
2026-08-09,2026-08-21 16:00:00,23177,5187
2026-08-09,2026-08-21 16:30:00,24510,5356
2026-08-09,2026-08-21 17:00:00,25766,5541
2026-08-09,2026-08-21 17:30:00,26322,5763
2026-08-09,2026-08-21 18:00:00,26849,5810
2026-08-09,2026-08-21 18:30:00,26679,5661
2026-08-09,2026-08-21 19:00:00,26495,5545
2026-08-09,2026-08-21 19:30:00,26840,5476
2026-08-09,2026-08-21 20:00:00,27052,5445
2026-08-09,2026-08-21 20:30:00,26607,5460
2026-08-09,2026-08-21 21:00:00,25618,5518
2026-08-09,2026-08-21 21:30:00,24480,5611
2026-08-09,2026-08-21 22:00:00,23773,5752
2026-08-09,2026-08-21 22:30:00,22834,5929
2026-08-09,2026-08-21 23:00:00,21891,6157
2026-08-09,2026-08-21 23:30:00,21670,6422
2026-08-09,2026-08-22,21220,6505
2026-08-09,2026-08-22 00:30:00,20904,6389
2026-08-09,2026-08-22 01:00:00,20477,6309
2026-08-09,2026-08-22 01:30:00,19974,6261
2026-08-09,2026-08-22 02:00:00,19286,6240
2026-08-09,2026-08-22 02:30:00,18541,6247
2026-08-09,2026-08-22 03:00:00,18397,6283
2026-08-09,2026-08-22 03:30:00,18098,6344
2026-08-09,2026-08-22 04:00:00,17900,6437
2026-08-09,2026-08-22 04:30:00,17963,6536
2026-08-09,2026-08-22 05:00:00,17831,6671
2026-08-09,2026-08-22 05:30:00,18182,6820
2026-08-09,2026-08-22 06:00:00,18803,6835
2026-08-09,2026-08-22 06:30:00,19607,6703
2026-08-09,2026-08-22 07:00:00,19986,6595
2026-08-09,2026-08-22 07:30:00,20966,6517
2026-08-09,2026-08-22 08:00:00,20944,6467
2026-08-09,2026-08-22 08:30:00,20818,6439
2026-08-09,2026-08-22 09:00:00,20298,6448
2026-08-09,2026-08-22 09:30:00,19692,6476
2026-08-09,2026-08-22 10:00:00,19042,6538
2026-08-09,2026-08-22 10:30:00,18616,6620
2026-08-09,2026-08-22 11:00:00,18107,6732
2026-08-09,2026-08-22 11:30:00,18099,6851
2026-08-09,2026-08-22 12:00:00,18083,6859
2026-08-09,2026-08-22 12:30:00,17792,6743
2026-08-09,2026-08-22 13:00:00,17336,6681
2026-08-09,2026-08-22 13:30:00,17050,6623
2026-08-09,2026-08-22 14:00:00,17239,6610
2026-08-09,2026-08-22 14:30:00,17525,6613
2026-08-09,2026-08-22 15:00:00,17939,6657
2026-08-09,2026-08-22 15:30:00,19067,6728
2026-08-09,2026-08-22 16:00:00,20195,6827
2026-08-09,2026-08-22 16:30:00,21878,6962
2026-08-09,2026-08-22 17:00:00,23526,7136
2026-08-09,2026-08-22 17:30:00,24174,7319
2026-08-09,2026-08-22 18:00:00,24889,7337
2026-08-09,2026-08-22 18:30:00,24714,7149
2026-08-09,2026-08-22 19:00:00,24549,6979
2026-08-09,2026-08-22 19:30:00,24437,6839
2026-08-09,2026-08-22 20:00:00,24946,6735
2026-08-09,2026-08-22 20:30:00,25071,6669
2026-08-09,2026-08-22 21:00:00,24612,6638
2026-08-09,2026-08-22 21:30:00,23988,6647
2026-08-09,2026-08-22 22:00:00,22953,6687
2026-08-09,2026-08-22 22:30:00,22114,6781
2026-08-09,2026-08-22 23:00:00,21032,6899
2026-08-09,2026-08-22 23:30:00,20945,7081
2026-08-09,2026-08-23,20441,7108
2026-08-09,2026-08-23 00:30:00,19937,6977
2026-08-09,2026-08-23 01:00:00,19754,6862
2026-08-09,2026-08-23 01:30:00,19289,6766
2026-08-09,2026-08-23 02:00:00,18802,6690
2026-08-09,2026-08-23 02:30:00,18220,6637
2026-08-09,2026-08-23 03:00:00,17726,6602
2026-08-09,2026-08-23 03:30:00,17260,6598
2026-08-09,2026-08-23 04:00:00,17062,6618
2026-08-09,2026-08-23 04:30:00,17101,6649
2026-08-09,2026-08-23 05:00:00,16995,6714
2026-08-09,2026-08-23 05:30:00,17005,6789
2026-08-09,2026-08-23 06:00:00,17198,6761
2026-08-09,2026-08-23 06:30:00,17911,6619
2026-08-09,2026-08-23 07:00:00,18053,6490
2026-08-09,2026-08-23 07:30:00,18728,6383
2026-08-09,2026-08-23 08:00:00,18739,6307
2026-08-09,2026-08-23 08:30:00,18855,NA
2026-08-09,2026-08-23 09:00:00,18832,NA
2026-08-09,2026-08-23 09:30:00,18610,NA
2026-08-09,2026-08-23 10:00:00,17524,NA
2026-08-09,2026-08-23 10:30:00,17312,NA
2026-08-09,2026-08-23 11:00:00,17446,NA
2026-08-09,2026-08-23 11:30:00,17979,NA
2026-08-09,2026-08-23 12:00:00,18040,NA
2026-08-09,2026-08-23 12:30:00,18202,NA
2026-08-09,2026-08-23 13:00:00,17760,NA
2026-08-09,2026-08-23 13:30:00,17450,NA
2026-08-09,2026-08-23 14:00:00,17332,NA
2026-08-09,2026-08-23 14:30:00,18171,NA
2026-08-09,2026-08-23 15:00:00,18965,NA
2026-08-09,2026-08-23 15:30:00,20404,NA
2026-08-09,2026-08-23 16:00:00,21548,NA
2026-08-09,2026-08-23 16:30:00,23014,NA
2026-08-09,2026-08-23 17:00:00,24503,NA
2026-08-09,2026-08-23 17:30:00,25212,NA
2026-08-09,2026-08-23 18:00:00,25853,NA
2026-08-09,2026-08-23 18:30:00,25825,NA
2026-08-09,2026-08-23 19:00:00,25297,NA
2026-08-09,2026-08-23 19:30:00,25562,NA
2026-08-09,2026-08-23 20:00:00,25826,NA
2026-08-09,2026-08-23 20:30:00,25895,NA
2026-08-09,2026-08-23 21:00:00,25278,NA
2026-08-09,2026-08-23 21:30:00,23885,NA
2026-08-09,2026-08-23 22:00:00,22795,NA
2026-08-09,2026-08-23 22:30:00,21365,NA
2026-08-09,2026-08-23 23:00:00,20840,NA
2026-08-10,2026-08-10 09:30:00,NA,4456
2026-08-10,2026-08-10 10:00:00,NA,4209
2026-08-10,2026-08-10 10:30:00,NA,3994
2026-08-10,2026-08-10 11:00:00,NA,3819
2026-08-10,2026-08-10 11:30:00,NA,3687
2026-08-10,2026-08-10 12:00:00,NA,3663
2026-08-10,2026-08-10 12:30:00,NA,3703
2026-08-10,2026-08-10 13:00:00,NA,3678
2026-08-10,2026-08-10 13:30:00,NA,3608
2026-08-10,2026-08-10 14:00:00,NA,3584
2026-08-10,2026-08-10 14:30:00,NA,3568
2026-08-10,2026-08-10 15:00:00,NA,3582
2026-08-10,2026-08-10 15:30:00,NA,3547
2026-08-10,2026-08-10 16:00:00,NA,3353
2026-08-10,2026-08-10 16:30:00,NA,3027
2026-08-10,2026-08-10 17:00:00,NA,2717
2026-08-10,2026-08-10 17:30:00,NA,2461
2026-08-10,2026-08-10 18:00:00,NA,2237
2026-08-10,2026-08-10 18:30:00,NA,2058
2026-08-10,2026-08-10 19:00:00,NA,1931
2026-08-10,2026-08-10 19:30:00,NA,1839
2026-08-10,2026-08-10 20:00:00,NA,1739
2026-08-10,2026-08-10 20:30:00,NA,1665
2026-08-10,2026-08-10 21:00:00,NA,1586
2026-08-10,2026-08-10 21:30:00,NA,1470
2026-08-10,2026-08-10 22:00:00,NA,1382
2026-08-10,2026-08-10 22:30:00,NA,1296
2026-08-10,2026-08-10 23:00:00,NA,1245
2026-08-10,2026-08-10 23:30:00,NA,1212
2026-08-10,2026-08-11,NA,1192
2026-08-10,2026-08-11 00:30:00,NA,1190
2026-08-10,2026-08-11 01:00:00,NA,1224
2026-08-10,2026-08-11 01:30:00,NA,1263
2026-08-10,2026-08-11 02:00:00,NA,1329
2026-08-10,2026-08-11 02:30:00,NA,1417
2026-08-10,2026-08-11 03:00:00,NA,1501
2026-08-10,2026-08-11 03:30:00,NA,1636
2026-08-10,2026-08-11 04:00:00,NA,1794
2026-08-10,2026-08-11 04:30:00,NA,1987
2026-08-10,2026-08-11 05:00:00,NA,2183
2026-08-10,2026-08-11 05:30:00,NA,2387
2026-08-10,2026-08-11 06:00:00,NA,2567
2026-08-10,2026-08-11 06:30:00,NA,2760
2026-08-10,2026-08-11 07:00:00,NA,2918
2026-08-10,2026-08-11 07:30:00,NA,3028
2026-08-10,2026-08-11 08:00:00,NA,3115
2026-08-10,2026-08-11 08:30:00,NA,3260
2026-08-10,2026-08-11 09:00:00,NA,3427
2026-08-10,2026-08-11 09:30:00,NA,3611
2026-08-10,2026-08-11 10:00:00,NA,3652
2026-08-10,2026-08-11 10:30:00,NA,3832
2026-08-10,2026-08-11 11:00:00,NA,4016
2026-08-10,2026-08-11 11:30:00,NA,4237
2026-08-10,2026-08-11 12:00:00,NA,4500
2026-08-10,2026-08-11 12:30:00,NA,4807
2026-08-10,2026-08-11 13:00:00,NA,5156
2026-08-10,2026-08-11 13:30:00,NA,5547
2026-08-10,2026-08-11 14:00:00,NA,5931
2026-08-10,2026-08-11 14:30:00,NA,6290
2026-08-10,2026-08-11 15:00:00,NA,6634
2026-08-10,2026-08-11 15:30:00,NA,6920
2026-08-10,2026-08-11 16:00:00,NA,7200
2026-08-10,2026-08-11 16:30:00,NA,7481
2026-08-10,2026-08-11 17:00:00,NA,7740
2026-08-10,2026-08-11 17:30:00,NA,7974
2026-08-10,2026-08-11 18:00:00,NA,8271
2026-08-10,2026-08-11 18:30:00,NA,8575
2026-08-10,2026-08-11 19:00:00,NA,8863
2026-08-10,2026-08-11 19:30:00,NA,9161
2026-08-10,2026-08-11 20:00:00,NA,9389
2026-08-10,2026-08-11 20:30:00,NA,9553
2026-08-10,2026-08-11 21:00:00,NA,9715
2026-08-10,2026-08-11 21:30:00,NA,9809
2026-08-10,2026-08-11 22:00:00,NA,9865
2026-08-10,2026-08-11 22:30:00,NA,9875
2026-08-10,2026-08-11 23:00:00,NA,9825
2026-08-10,2026-08-11 23:30:00,22246,9748
2026-08-10,2026-08-12,22514,9651
2026-08-10,2026-08-12 00:30:00,21369,9523
2026-08-10,2026-08-12 01:00:00,21114,9397
2026-08-10,2026-08-12 01:30:00,20368,9301
2026-08-10,2026-08-12 02:00:00,19859,9134
2026-08-10,2026-08-12 02:30:00,19579,8909
2026-08-10,2026-08-12 03:00:00,19194,8668
2026-08-10,2026-08-12 03:30:00,18899,8399
2026-08-10,2026-08-12 04:00:00,18915,8122
2026-08-10,2026-08-12 04:30:00,19188,7855
2026-08-10,2026-08-12 05:00:00,19223,7618
2026-08-10,2026-08-12 05:30:00,20358,7414
2026-08-10,2026-08-12 06:00:00,21127,7206
2026-08-10,2026-08-12 06:30:00,22307,6982
2026-08-10,2026-08-12 07:00:00,22580,6570
2026-08-10,2026-08-12 07:30:00,23292,6266
2026-08-10,2026-08-12 08:00:00,23006,6017
2026-08-10,2026-08-12 08:30:00,22448,5845
2026-08-10,2026-08-12 09:00:00,21180,5807
2026-08-10,2026-08-12 09:30:00,20138,5805
2026-08-10,2026-08-12 10:00:00,19782,5848
2026-08-10,2026-08-12 10:30:00,19360,5920
2026-08-10,2026-08-12 11:00:00,19176,5982
2026-08-10,2026-08-12 11:30:00,18637,6026
2026-08-10,2026-08-12 12:00:00,18515,6068
2026-08-10,2026-08-12 12:30:00,18848,6132
2026-08-10,2026-08-12 13:00:00,19201,6186
2026-08-10,2026-08-12 13:30:00,19272,6248
2026-08-10,2026-08-12 14:00:00,19180,6314
2026-08-10,2026-08-12 14:30:00,20265,6350
2026-08-10,2026-08-12 15:00:00,21914,6406
2026-08-10,2026-08-12 15:30:00,21374,6462
2026-08-10,2026-08-12 16:00:00,23888,6490
2026-08-10,2026-08-12 16:30:00,25171,6486
2026-08-10,2026-08-12 17:00:00,26520,6474
2026-08-10,2026-08-12 17:30:00,27182,6478
2026-08-10,2026-08-12 18:00:00,28532,6509
2026-08-10,2026-08-12 18:30:00,29398,6574
2026-08-10,2026-08-12 19:00:00,28688,6613
2026-08-10,2026-08-12 19:30:00,28851,6620
2026-08-10,2026-08-12 20:00:00,29000,6592
2026-08-10,2026-08-12 20:30:00,29191,6515
2026-08-10,2026-08-12 21:00:00,28282,6412
2026-08-10,2026-08-12 21:30:00,27195,6260
2026-08-10,2026-08-12 22:00:00,26043,6117
2026-08-10,2026-08-12 22:30:00,25217,5959
2026-08-10,2026-08-12 23:00:00,23942,5784
2026-08-10,2026-08-12 23:30:00,23921,5582
2026-08-10,2026-08-13,23270,5337
2026-08-10,2026-08-13 00:30:00,22896,5056
2026-08-10,2026-08-13 01:00:00,22470,4752
2026-08-10,2026-08-13 01:30:00,22241,4452
2026-08-10,2026-08-13 02:00:00,21892,4162
2026-08-10,2026-08-13 02:30:00,21288,3908
2026-08-10,2026-08-13 03:00:00,21091,3666
2026-08-10,2026-08-13 03:30:00,20987,3468
2026-08-10,2026-08-13 04:00:00,20813,3300
2026-08-10,2026-08-13 04:30:00,20625,3159
2026-08-10,2026-08-13 05:00:00,21094,3054
2026-08-10,2026-08-13 05:30:00,22454,2985
2026-08-10,2026-08-13 06:00:00,23572,2905
2026-08-10,2026-08-13 06:30:00,25036,2805
2026-08-10,2026-08-13 07:00:00,25513,2687
2026-08-10,2026-08-13 07:30:00,25939,2562
2026-08-10,2026-08-13 08:00:00,25572,2459
2026-08-10,2026-08-13 08:30:00,24952,2421
2026-08-10,2026-08-13 09:00:00,23862,2430
2026-08-10,2026-08-13 09:30:00,23178,2496
2026-08-10,2026-08-13 10:00:00,22697,2572
2026-08-10,2026-08-13 10:30:00,21719,2700
2026-08-10,2026-08-13 11:00:00,21163,2822
2026-08-10,2026-08-13 11:30:00,20627,2971
2026-08-10,2026-08-13 12:00:00,20524,3134
2026-08-10,2026-08-13 12:30:00,20158,3306
2026-08-10,2026-08-13 13:00:00,20204,3502
2026-08-10,2026-08-13 13:30:00,20979,3707
2026-08-10,2026-08-13 14:00:00,21639,3895
2026-08-10,2026-08-13 14:30:00,21862,4064
2026-08-10,2026-08-13 15:00:00,22790,4226
2026-08-10,2026-08-13 15:30:00,23296,4370
2026-08-10,2026-08-13 16:00:00,25010,4472
2026-08-10,2026-08-13 16:30:00,26082,4505
2026-08-10,2026-08-13 17:00:00,27776,4545
2026-08-10,2026-08-13 17:30:00,29128,4597
2026-08-10,2026-08-13 18:00:00,29533,4646
2026-08-10,2026-08-13 18:30:00,30030,4692
2026-08-10,2026-08-13 19:00:00,29346,4784
2026-08-10,2026-08-13 19:30:00,29253,4896
2026-08-10,2026-08-13 20:00:00,28923,5007
2026-08-10,2026-08-13 20:30:00,28856,5149
2026-08-10,2026-08-13 21:00:00,27968,5174
2026-08-10,2026-08-13 21:30:00,27444,5077
2026-08-10,2026-08-13 22:00:00,26158,4983
2026-08-10,2026-08-13 22:30:00,24863,4880
2026-08-10,2026-08-13 23:00:00,24621,4821
2026-08-10,2026-08-13 23:30:00,24285,4797
2026-08-10,2026-08-14,23213,4645
2026-08-10,2026-08-14 00:30:00,23330,4372
2026-08-10,2026-08-14 01:00:00,22868,4153
2026-08-10,2026-08-14 01:30:00,22407,3984
2026-08-10,2026-08-14 02:00:00,22344,3902
2026-08-10,2026-08-14 02:30:00,22079,3901
2026-08-10,2026-08-14 03:00:00,21700,3819
2026-08-10,2026-08-14 03:30:00,21269,3636
2026-08-10,2026-08-14 04:00:00,21156,3547
2026-08-10,2026-08-14 04:30:00,20952,3527
2026-08-10,2026-08-14 05:00:00,21206,3554
2026-08-10,2026-08-14 05:30:00,22679,3652
2026-08-10,2026-08-14 06:00:00,23526,3615
2026-08-10,2026-08-14 06:30:00,25310,3447
2026-08-10,2026-08-14 07:00:00,26106,3334
2026-08-10,2026-08-14 07:30:00,26963,3270
2026-08-10,2026-08-14 08:00:00,26683,3296
2026-08-10,2026-08-14 08:30:00,26243,3409
2026-08-10,2026-08-14 09:00:00,25588,3441
2026-08-10,2026-08-14 09:30:00,24657,3370
2026-08-10,2026-08-14 10:00:00,23795,3382
2026-08-10,2026-08-14 10:30:00,22931,3439
2026-08-10,2026-08-14 11:00:00,22575,3558
2026-08-10,2026-08-14 11:30:00,21909,3756
2026-08-10,2026-08-14 12:00:00,21309,3849
2026-08-10,2026-08-14 12:30:00,20874,3854
2026-08-10,2026-08-14 13:00:00,20507,3916
2026-08-10,2026-08-14 13:30:00,20829,4036
2026-08-10,2026-08-14 14:00:00,21059,4190
2026-08-10,2026-08-14 14:30:00,20809,4428
2026-08-10,2026-08-14 15:00:00,21487,4294
2026-08-10,2026-08-14 15:30:00,22600,4126
2026-08-10,2026-08-14 16:00:00,23502,4267
2026-08-10,2026-08-14 16:30:00,24579,4342
2026-08-10,2026-08-14 17:00:00,25895,4454
2026-08-10,2026-08-14 17:30:00,26603,4625
2026-08-10,2026-08-14 18:00:00,27283,4595
2026-08-10,2026-08-14 18:30:00,27623,4387
2026-08-10,2026-08-14 19:00:00,27642,4276
2026-08-10,2026-08-14 19:30:00,27273,4285
2026-08-10,2026-08-14 20:00:00,27264,4443
2026-08-10,2026-08-14 20:30:00,27431,4756
2026-08-10,2026-08-14 21:00:00,27311,4865
2026-08-10,2026-08-14 21:30:00,26336,4744
2026-08-10,2026-08-14 22:00:00,25355,4717
2026-08-10,2026-08-14 22:30:00,24108,4786
2026-08-10,2026-08-14 23:00:00,23664,5001
2026-08-10,2026-08-14 23:30:00,22996,5343
2026-08-10,2026-08-15,22353,5499
2026-08-10,2026-08-15 00:30:00,22207,5433
2026-08-10,2026-08-15 01:00:00,21932,5424
2026-08-10,2026-08-15 01:30:00,21534,5474
2026-08-10,2026-08-15 02:00:00,20793,5604
2026-08-10,2026-08-15 02:30:00,20423,5815
2026-08-10,2026-08-15 03:00:00,20081,5872
2026-08-10,2026-08-15 03:30:00,19551,5732
2026-08-10,2026-08-15 04:00:00,19621,5648
2026-08-10,2026-08-15 04:30:00,19461,5590
2026-08-10,2026-08-15 05:00:00,19249,5580
2026-08-10,2026-08-15 05:30:00,19912,5627
2026-08-10,2026-08-15 06:00:00,20528,5548
2026-08-10,2026-08-15 06:30:00,21634,5336
2026-08-10,2026-08-15 07:00:00,22008,5171
2026-08-10,2026-08-15 07:30:00,22229,5036
2026-08-10,2026-08-15 08:00:00,22077,4900
2026-08-10,2026-08-15 08:30:00,21957,4859
2026-08-10,2026-08-15 09:00:00,21599,4749
2026-08-10,2026-08-15 09:30:00,21249,4595
2026-08-10,2026-08-15 10:00:00,21064,4504
2026-08-10,2026-08-15 10:30:00,20131,4446
2026-08-10,2026-08-15 11:00:00,19706,4449
2026-08-10,2026-08-15 11:30:00,19515,4498
2026-08-10,2026-08-15 12:00:00,19170,4445
2026-08-10,2026-08-15 12:30:00,19264,4330
2026-08-10,2026-08-15 13:00:00,19045,4275
2026-08-10,2026-08-15 13:30:00,19362,4284
2026-08-10,2026-08-15 14:00:00,19190,4345
2026-08-10,2026-08-15 14:30:00,19506,4456
2026-08-10,2026-08-15 15:00:00,19586,4391
2026-08-10,2026-08-15 15:30:00,20435,4177
2026-08-10,2026-08-15 16:00:00,21290,4012
2026-08-10,2026-08-15 16:30:00,22769,3909
2026-08-10,2026-08-15 17:00:00,24062,3841
2026-08-10,2026-08-15 17:30:00,24779,3842
2026-08-10,2026-08-15 18:00:00,25361,3702
2026-08-10,2026-08-15 18:30:00,25310,3436
2026-08-10,2026-08-15 19:00:00,25509,3235
2026-08-10,2026-08-15 19:30:00,25754,3105
2026-08-10,2026-08-15 20:00:00,26130,3041
2026-08-10,2026-08-15 20:30:00,26144,3029
2026-08-10,2026-08-15 21:00:00,25904,2958
2026-08-10,2026-08-15 21:30:00,25509,2775
2026-08-10,2026-08-15 22:00:00,24478,2656
2026-08-10,2026-08-15 22:30:00,23463,2597
2026-08-10,2026-08-15 23:00:00,22703,2579
2026-08-10,2026-08-15 23:30:00,22171,2651
2026-08-10,2026-08-16,21270,2642
2026-08-10,2026-08-16 00:30:00,21394,2515
2026-08-10,2026-08-16 01:00:00,21196,2403
2026-08-10,2026-08-16 01:30:00,20856,2321
2026-08-10,2026-08-16 02:00:00,20228,2243
2026-08-10,2026-08-16 02:30:00,19682,2182
2026-08-10,2026-08-16 03:00:00,19202,2141
2026-08-10,2026-08-16 03:30:00,18952,2118
2026-08-10,2026-08-16 04:00:00,18788,2113
2026-08-10,2026-08-16 04:30:00,18639,2111
2026-08-10,2026-08-16 05:00:00,18342,2126
2026-08-10,2026-08-16 05:30:00,18327,2170
2026-08-10,2026-08-16 06:00:00,18495,2123
2026-08-10,2026-08-16 06:30:00,19146,1997
2026-08-10,2026-08-16 07:00:00,19167,1897
2026-08-10,2026-08-16 07:30:00,19609,1840
2026-08-10,2026-08-16 08:00:00,19360,1791
2026-08-10,2026-08-16 08:30:00,19575,1774
2026-08-10,2026-08-16 09:00:00,19468,1772
2026-08-10,2026-08-16 09:30:00,18935,1800
2026-08-10,2026-08-16 10:00:00,18564,1843
2026-08-10,2026-08-16 10:30:00,18664,1897
2026-08-10,2026-08-16 11:00:00,18967,1984
2026-08-10,2026-08-16 11:30:00,19313,2087
2026-08-10,2026-08-16 12:00:00,19126,2115
2026-08-10,2026-08-16 12:30:00,18929,2069
2026-08-10,2026-08-16 13:00:00,18791,2052
2026-08-10,2026-08-16 13:30:00,18776,2064
2026-08-10,2026-08-16 14:00:00,19074,2109
2026-08-10,2026-08-16 14:30:00,19398,2181
2026-08-10,2026-08-16 15:00:00,20056,2278
2026-08-10,2026-08-16 15:30:00,21461,2415
2026-08-10,2026-08-16 16:00:00,22652,2561
2026-08-10,2026-08-16 16:30:00,23425,2751
2026-08-10,2026-08-16 17:00:00,24818,2963
2026-08-10,2026-08-16 17:30:00,25848,3209
2026-08-10,2026-08-16 18:00:00,26116,3264
2026-08-10,2026-08-16 18:30:00,25998,3130
2026-08-10,2026-08-16 19:00:00,26058,3021
2026-08-10,2026-08-16 19:30:00,25970,2966
2026-08-10,2026-08-16 20:00:00,26704,2930
2026-08-10,2026-08-16 20:30:00,26789,2959
2026-08-10,2026-08-16 21:00:00,26283,3022
2026-08-10,2026-08-16 21:30:00,24950,3123
2026-08-10,2026-08-16 22:00:00,24491,3269
2026-08-10,2026-08-16 22:30:00,22876,3458
2026-08-10,2026-08-16 23:00:00,22217,3671
2026-08-10,2026-08-16 23:30:00,21699,3923
2026-08-10,2026-08-17,20837,3986
2026-08-10,2026-08-17 00:30:00,21256,3843
2026-08-10,2026-08-17 01:00:00,21095,3729
2026-08-10,2026-08-17 01:30:00,20522,3672
2026-08-10,2026-08-17 02:00:00,20199,3634
2026-08-10,2026-08-17 02:30:00,19572,3632
2026-08-10,2026-08-17 03:00:00,19274,3666
2026-08-10,2026-08-17 03:30:00,19196,3730
2026-08-10,2026-08-17 04:00:00,19237,3826
2026-08-10,2026-08-17 04:30:00,19331,3962
2026-08-10,2026-08-17 05:00:00,19605,4132
2026-08-10,2026-08-17 05:30:00,21056,4351
2026-08-10,2026-08-17 06:00:00,22086,4386
2026-08-10,2026-08-17 06:30:00,24164,4250
2026-08-10,2026-08-17 07:00:00,24964,4125
2026-08-10,2026-08-17 07:30:00,26026,4032
2026-08-10,2026-08-17 08:00:00,26199,3981
2026-08-10,2026-08-17 08:30:00,25680,3954
2026-08-10,2026-08-17 09:00:00,25252,3959
2026-08-10,2026-08-17 09:30:00,24602,3980
2026-08-10,2026-08-17 10:00:00,24121,4043
2026-08-10,2026-08-17 10:30:00,23665,4120
2026-08-10,2026-08-17 11:00:00,23531,4224
2026-08-10,2026-08-17 11:30:00,23295,4349
2026-08-10,2026-08-17 12:00:00,23117,4356
2026-08-10,2026-08-17 12:30:00,23091,4234
2026-08-10,2026-08-17 13:00:00,22734,4181
2026-08-10,2026-08-17 13:30:00,23059,4147
2026-08-10,2026-08-17 14:00:00,23565,4150
2026-08-10,2026-08-17 14:30:00,23786,4202
2026-08-10,2026-08-17 15:00:00,24033,4279
2026-08-10,2026-08-17 15:30:00,24382,4397
2026-08-10,2026-08-17 16:00:00,25546,4558
2026-08-10,2026-08-17 16:30:00,26267,4752
2026-08-10,2026-08-17 17:00:00,27710,4973
2026-08-10,2026-08-17 17:30:00,28051,5238
2026-08-10,2026-08-17 18:00:00,28588,5281
2026-08-10,2026-08-17 18:30:00,28357,5124
2026-08-10,2026-08-17 19:00:00,28117,5018
2026-08-10,2026-08-17 19:30:00,28663,4946
2026-08-10,2026-08-17 20:00:00,29072,4914
2026-08-10,2026-08-17 20:30:00,28529,4921
2026-08-10,2026-08-17 21:00:00,27661,4952
2026-08-10,2026-08-17 21:30:00,26343,5027
2026-08-10,2026-08-17 22:00:00,25079,5135
2026-08-10,2026-08-17 22:30:00,23902,5275
2026-08-10,2026-08-17 23:00:00,22957,5455
2026-08-10,2026-08-17 23:30:00,22585,5664
2026-08-10,2026-08-18,21884,5714
2026-08-10,2026-08-18 00:30:00,21602,5588
2026-08-10,2026-08-18 01:00:00,21699,5504
2026-08-10,2026-08-18 01:30:00,21006,5441
2026-08-10,2026-08-18 02:00:00,20574,5416
2026-08-10,2026-08-18 02:30:00,20165,5424
2026-08-10,2026-08-18 03:00:00,20019,5455
2026-08-10,2026-08-18 03:30:00,19787,5525
2026-08-10,2026-08-18 04:00:00,19684,5613
2026-08-10,2026-08-18 04:30:00,19825,5746
2026-08-10,2026-08-18 05:00:00,20387,5902
2026-08-10,2026-08-18 05:30:00,21566,6073
2026-08-10,2026-08-18 06:00:00,22531,6086
2026-08-10,2026-08-18 06:30:00,24485,5940
2026-08-10,2026-08-18 07:00:00,25531,5840
2026-08-10,2026-08-18 07:30:00,26782,5739
2026-08-10,2026-08-18 08:00:00,26792,5665
2026-08-10,2026-08-18 08:30:00,26750,5529
2026-08-10,2026-08-18 09:00:00,25716,5522
2026-08-10,2026-08-18 09:30:00,24913,5533
2026-08-10,2026-08-18 10:00:00,24572,5587
2026-08-10,2026-08-18 10:30:00,23747,5658
2026-08-10,2026-08-18 11:00:00,23218,5763
2026-08-10,2026-08-18 11:30:00,23155,5900
2026-08-10,2026-08-18 12:00:00,22892,5879
2026-08-10,2026-08-18 12:30:00,22847,5719
2026-08-10,2026-08-18 13:00:00,22726,5590
2026-08-10,2026-08-18 13:30:00,22965,5589
2026-08-10,2026-08-18 14:00:00,23577,5534
2026-08-10,2026-08-18 14:30:00,23963,5539
2026-08-10,2026-08-18 15:00:00,24171,5567
2026-08-10,2026-08-18 15:30:00,24278,5639
2026-08-10,2026-08-18 16:00:00,25291,5760
2026-08-10,2026-08-18 16:30:00,26568,5896
2026-08-10,2026-08-18 17:00:00,27638,6084
2026-08-10,2026-08-18 17:30:00,27995,6297
2026-08-10,2026-08-18 18:00:00,28468,6265
2026-08-10,2026-08-18 18:30:00,28325,6011
2026-08-10,2026-08-18 19:00:00,28386,5791
2026-08-10,2026-08-18 19:30:00,28701,5639
2026-08-10,2026-08-18 20:00:00,28477,5535
2026-08-10,2026-08-18 20:30:00,28433,5492
2026-08-10,2026-08-18 21:00:00,27641,5490
2026-08-10,2026-08-18 21:30:00,26290,5552
2026-08-10,2026-08-18 22:00:00,25598,5664
2026-08-10,2026-08-18 22:30:00,23934,5832
2026-08-10,2026-08-18 23:00:00,23098,6053
2026-08-10,2026-08-18 23:30:00,22709,6316
2026-08-10,2026-08-19,22042,6342
2026-08-10,2026-08-19 00:30:00,21603,6089
2026-08-10,2026-08-19 01:00:00,21636,5894
2026-08-10,2026-08-19 01:30:00,20950,5708
2026-08-10,2026-08-19 02:00:00,20527,5567
2026-08-10,2026-08-19 02:30:00,20128,5474
2026-08-10,2026-08-19 03:00:00,19991,5409
2026-08-10,2026-08-19 03:30:00,19770,5386
2026-08-10,2026-08-19 04:00:00,19680,5406
2026-08-10,2026-08-19 04:30:00,19833,5459
2026-08-10,2026-08-19 05:00:00,20413,5543
2026-08-10,2026-08-19 05:30:00,21612,5662
2026-08-10,2026-08-19 06:00:00,22602,5646
2026-08-10,2026-08-19 06:30:00,24571,5493
2026-08-10,2026-08-19 07:00:00,25623,5353
2026-08-10,2026-08-19 07:30:00,26877,5248
2026-08-10,2026-08-19 08:00:00,26888,5169
2026-08-10,2026-08-19 08:30:00,26847,5028
2026-08-10,2026-08-19 09:00:00,25808,5012
2026-08-10,2026-08-19 09:30:00,24998,5013
2026-08-10,2026-08-19 10:00:00,24652,5060
2026-08-10,2026-08-19 10:30:00,23826,5106
2026-08-10,2026-08-19 11:00:00,23291,5204
2026-08-10,2026-08-19 11:30:00,23230,5305
2026-08-10,2026-08-19 12:00:00,22954,5269
2026-08-10,2026-08-19 12:30:00,22893,5079
2026-08-10,2026-08-19 13:00:00,22755,4927
2026-08-10,2026-08-19 13:30:00,22982,4905
2026-08-10,2026-08-19 14:00:00,23580,4849
2026-08-10,2026-08-19 14:30:00,23954,4816
2026-08-10,2026-08-19 15:00:00,24148,4828
2026-08-10,2026-08-19 15:30:00,24244,4879
2026-08-10,2026-08-19 16:00:00,25281,4967
2026-08-10,2026-08-19 16:30:00,26580,5101
2026-08-10,2026-08-19 17:00:00,27669,5277
2026-08-10,2026-08-19 17:30:00,28016,5480
2026-08-10,2026-08-19 18:00:00,28475,5471
2026-08-10,2026-08-19 18:30:00,28319,5255
2026-08-10,2026-08-19 19:00:00,28379,5079
2026-08-10,2026-08-19 19:30:00,28691,4954
2026-08-10,2026-08-19 20:00:00,28470,4884
2026-08-10,2026-08-19 20:30:00,28435,4864
2026-08-10,2026-08-19 21:00:00,27651,4894
2026-08-10,2026-08-19 21:30:00,26307,4976
2026-08-10,2026-08-19 22:00:00,25624,5098
2026-08-10,2026-08-19 22:30:00,23969,5270
2026-08-10,2026-08-19 23:00:00,23143,5490
2026-08-10,2026-08-19 23:30:00,21985,5763
2026-08-10,2026-08-20,21516,5818
2026-08-10,2026-08-20 00:30:00,20943,5649
2026-08-10,2026-08-20 01:00:00,20934,5496
2026-08-10,2026-08-20 01:30:00,20231,5363
2026-08-10,2026-08-20 02:00:00,19790,5270
2026-08-10,2026-08-20 02:30:00,19378,5213
2026-08-10,2026-08-20 03:00:00,19227,5193
2026-08-10,2026-08-20 03:30:00,19005,5212
2026-08-10,2026-08-20 04:00:00,18914,5280
2026-08-10,2026-08-20 04:30:00,19077,5379
2026-08-10,2026-08-20 05:00:00,19664,5512
2026-08-10,2026-08-20 05:30:00,20857,5668
2026-08-10,2026-08-20 06:00:00,21851,5666
2026-08-10,2026-08-20 06:30:00,23758,5506
2026-08-10,2026-08-20 07:00:00,24738,5381
2026-08-10,2026-08-20 07:30:00,25884,5278
2026-08-10,2026-08-20 08:00:00,25808,5213
2026-08-10,2026-08-20 08:30:00,25699,5044
2026-08-10,2026-08-20 09:00:00,24611,5031
2026-08-10,2026-08-20 09:30:00,23775,5046
2026-08-10,2026-08-20 10:00:00,23395,5102
2026-08-10,2026-08-20 10:30:00,22639,5178
2026-08-10,2026-08-20 11:00:00,22178,5281
2026-08-10,2026-08-20 11:30:00,22196,5405
2026-08-10,2026-08-20 12:00:00,21916,5421
2026-08-10,2026-08-20 12:30:00,21829,5306
2026-08-10,2026-08-20 13:00:00,21626,5221
2026-08-10,2026-08-20 13:30:00,21807,5289
2026-08-10,2026-08-20 14:00:00,22358,5257
2026-08-10,2026-08-20 14:30:00,22709,5259
2026-08-10,2026-08-20 15:00:00,22884,5303
2026-08-10,2026-08-20 15:30:00,23008,5378
2026-08-10,2026-08-20 16:00:00,24224,5495
2026-08-10,2026-08-20 16:30:00,25731,5640
2026-08-10,2026-08-20 17:00:00,27045,5832
2026-08-10,2026-08-20 17:30:00,27426,6051
2026-08-10,2026-08-20 18:00:00,27934,6041
2026-08-10,2026-08-20 18:30:00,27768,5819
2026-08-10,2026-08-20 19:00:00,27781,5641
2026-08-10,2026-08-20 19:30:00,28031,5508
2026-08-10,2026-08-20 20:00:00,27767,5409
2026-08-10,2026-08-20 20:30:00,27663,5352
2026-08-10,2026-08-20 21:00:00,26833,5336
2026-08-10,2026-08-20 21:30:00,25451,5356
2026-08-10,2026-08-20 22:00:00,24727,5433
2026-08-10,2026-08-20 22:30:00,23056,5541
2026-08-10,2026-08-20 23:00:00,22204,5700
2026-08-10,2026-08-20 23:30:00,21991,5892
2026-08-10,2026-08-21,21750,5908
2026-08-10,2026-08-21 00:30:00,21399,5717
2026-08-10,2026-08-21 01:00:00,20938,5555
2026-08-10,2026-08-21 01:30:00,20349,5416
2026-08-10,2026-08-21 02:00:00,20129,5307
2026-08-10,2026-08-21 02:30:00,19744,5239
2026-08-10,2026-08-21 03:00:00,19303,5216
2026-08-10,2026-08-21 03:30:00,19072,5220
2026-08-10,2026-08-21 04:00:00,18923,5287
2026-08-10,2026-08-21 04:30:00,19062,5374
2026-08-10,2026-08-21 05:00:00,19094,5513
2026-08-10,2026-08-21 05:30:00,20480,5678
2026-08-10,2026-08-21 06:00:00,21398,5706
2026-08-10,2026-08-21 06:30:00,22837,5578
2026-08-10,2026-08-21 07:00:00,23804,5496
2026-08-10,2026-08-21 07:30:00,24700,5436
2026-08-10,2026-08-21 08:00:00,24407,5410
2026-08-10,2026-08-21 08:30:00,24300,5413
2026-08-10,2026-08-21 09:00:00,23973,5444
2026-08-10,2026-08-21 09:30:00,23669,5519
2026-08-10,2026-08-21 10:00:00,23442,5623
2026-08-10,2026-08-21 10:30:00,22289,5760
2026-08-10,2026-08-21 11:00:00,21686,5920
2026-08-10,2026-08-21 11:30:00,21782,6116
2026-08-10,2026-08-21 12:00:00,22095,6167
2026-08-10,2026-08-21 12:30:00,22486,6078
2026-08-10,2026-08-21 13:00:00,22184,6021
2026-08-10,2026-08-21 13:30:00,21575,6006
2026-08-10,2026-08-21 14:00:00,21456,6014
2026-08-10,2026-08-21 14:30:00,21259,6062
2026-08-10,2026-08-21 15:00:00,21632,6134
2026-08-10,2026-08-21 15:30:00,21975,6237
2026-08-10,2026-08-21 16:00:00,23176,6365
2026-08-10,2026-08-21 16:30:00,24509,6519
2026-08-10,2026-08-21 17:00:00,25765,6691
2026-08-10,2026-08-21 17:30:00,26321,6895
2026-08-10,2026-08-21 18:00:00,26849,6892
2026-08-10,2026-08-21 18:30:00,26680,6697
2026-08-10,2026-08-21 19:00:00,26497,6550
2026-08-10,2026-08-21 19:30:00,26842,6410
2026-08-10,2026-08-21 20:00:00,27054,6328
2026-08-10,2026-08-21 20:30:00,26609,6292
2026-08-10,2026-08-21 21:00:00,25621,6286
2026-08-10,2026-08-21 21:30:00,24482,6330
2026-08-10,2026-08-21 22:00:00,23776,6413
2026-08-10,2026-08-21 22:30:00,22837,6540
2026-08-10,2026-08-21 23:00:00,21894,6725
2026-08-10,2026-08-21 23:30:00,21667,6958
2026-08-10,2026-08-22,21218,6990
2026-08-10,2026-08-22 00:30:00,20903,6817
2026-08-10,2026-08-22 01:00:00,20477,6668
2026-08-10,2026-08-22 01:30:00,19974,6553
2026-08-10,2026-08-22 02:00:00,19286,6455
2026-08-10,2026-08-22 02:30:00,18542,6398
2026-08-10,2026-08-22 03:00:00,18398,6374
2026-08-10,2026-08-22 03:30:00,18099,6385
2026-08-10,2026-08-22 04:00:00,17901,6431
2026-08-10,2026-08-22 04:30:00,17964,6506
2026-08-10,2026-08-22 05:00:00,17832,6621
2026-08-10,2026-08-22 05:30:00,18183,6753
2026-08-10,2026-08-22 06:00:00,18804,6746
2026-08-10,2026-08-22 06:30:00,19608,6579
2026-08-10,2026-08-22 07:00:00,19988,6428
2026-08-10,2026-08-22 07:30:00,20967,6318
2026-08-10,2026-08-22 08:00:00,20945,6224
2026-08-10,2026-08-22 08:30:00,20820,6157
2026-08-10,2026-08-22 09:00:00,20300,6119
2026-08-10,2026-08-22 09:30:00,19694,6097
2026-08-10,2026-08-22 10:00:00,19044,6116
2026-08-10,2026-08-22 10:30:00,18618,6154
2026-08-10,2026-08-22 11:00:00,18107,6219
2026-08-10,2026-08-22 11:30:00,18096,6310
2026-08-10,2026-08-22 12:00:00,18078,6280
2026-08-10,2026-08-22 12:30:00,17788,6139
2026-08-10,2026-08-22 13:00:00,17333,6032
2026-08-10,2026-08-22 13:30:00,17047,5968
2026-08-10,2026-08-22 14:00:00,17237,5929
2026-08-10,2026-08-22 14:30:00,17523,5937
2026-08-10,2026-08-22 15:00:00,17938,5979
2026-08-10,2026-08-22 15:30:00,19066,6049
2026-08-10,2026-08-22 16:00:00,20194,6152
2026-08-10,2026-08-22 16:30:00,21877,6290
2026-08-10,2026-08-22 17:00:00,23525,6450
2026-08-10,2026-08-22 17:30:00,24173,6626
2026-08-10,2026-08-22 18:00:00,24890,6626
2026-08-10,2026-08-22 18:30:00,24715,6452
2026-08-10,2026-08-22 19:00:00,24551,6313
2026-08-10,2026-08-22 19:30:00,24439,6196
2026-08-10,2026-08-22 20:00:00,24949,6125
2026-08-10,2026-08-22 20:30:00,25074,6102
2026-08-10,2026-08-22 21:00:00,24615,6108
2026-08-10,2026-08-22 21:30:00,23991,6165
2026-08-10,2026-08-22 22:00:00,22956,6271
2026-08-10,2026-08-22 22:30:00,22117,6424
2026-08-10,2026-08-22 23:00:00,21035,6628
2026-08-10,2026-08-22 23:30:00,20942,6878
2026-08-10,2026-08-23,20439,6925
2026-08-10,2026-08-23 00:30:00,19936,6783
2026-08-10,2026-08-23 01:00:00,19754,6663
2026-08-10,2026-08-23 01:30:00,19289,6583
2026-08-10,2026-08-23 02:00:00,18803,6528
2026-08-10,2026-08-23 02:30:00,18221,6515
2026-08-10,2026-08-23 03:00:00,17727,6544
2026-08-10,2026-08-23 03:30:00,17261,6584
2026-08-10,2026-08-23 04:00:00,17063,6676
2026-08-10,2026-08-23 04:30:00,17102,6791
2026-08-10,2026-08-23 05:00:00,16996,6936
2026-08-10,2026-08-23 05:30:00,17006,7109
2026-08-10,2026-08-23 06:00:00,17199,7111
2026-08-10,2026-08-23 06:30:00,17913,6944
2026-08-10,2026-08-23 07:00:00,18055,6793
2026-08-10,2026-08-23 07:30:00,18730,6677
2026-08-10,2026-08-23 08:00:00,18740,6598
2026-08-10,2026-08-23 08:30:00,18856,6561
2026-08-10,2026-08-23 09:00:00,18834,6558
2026-08-10,2026-08-23 09:30:00,18611,6590
2026-08-10,2026-08-23 10:00:00,17526,6667
2026-08-10,2026-08-23 10:30:00,17314,6759
2026-08-10,2026-08-23 11:00:00,17448,6889
2026-08-10,2026-08-23 11:30:00,17978,7028
2026-08-10,2026-08-23 12:00:00,18035,7034
2026-08-10,2026-08-23 12:30:00,18198,6924
2026-08-10,2026-08-23 13:00:00,17757,6837
2026-08-10,2026-08-23 13:30:00,17448,6789
2026-08-10,2026-08-23 14:00:00,17331,6757
2026-08-10,2026-08-23 14:30:00,18170,6756
2026-08-10,2026-08-23 15:00:00,18964,6789
2026-08-10,2026-08-23 15:30:00,20403,6836
2026-08-10,2026-08-23 16:00:00,21547,6926
2026-08-10,2026-08-23 16:30:00,23013,7032
2026-08-10,2026-08-23 17:00:00,24502,7168
2026-08-10,2026-08-23 17:30:00,25211,7322
2026-08-10,2026-08-23 18:00:00,25854,7327
2026-08-10,2026-08-23 18:30:00,25826,7205
2026-08-10,2026-08-23 19:00:00,25299,7091
2026-08-10,2026-08-23 19:30:00,25564,7015
2026-08-10,2026-08-23 20:00:00,25828,6964
2026-08-10,2026-08-23 20:30:00,25897,6940
2026-08-10,2026-08-23 21:00:00,25280,6940
2026-08-10,2026-08-23 21:30:00,23887,6972
2026-08-10,2026-08-23 22:00:00,22797,7039
2026-08-10,2026-08-23 22:30:00,21368,7127
2026-08-10,2026-08-23 23:00:00,20843,7238
2026-08-10,2026-08-23 23:30:00,20742,7394
2026-08-10,2026-08-24,20374,7410
2026-08-10,2026-08-24 00:30:00,20047,7304
2026-08-10,2026-08-24 01:00:00,19934,7205
2026-08-10,2026-08-24 01:30:00,19217,7145
2026-08-10,2026-08-24 02:00:00,18817,7097
2026-08-10,2026-08-24 02:30:00,18162,7076
2026-08-10,2026-08-24 03:00:00,18302,7082
2026-08-10,2026-08-24 03:30:00,18133,7112
2026-08-10,2026-08-24 04:00:00,18326,7168
2026-08-10,2026-08-24 04:30:00,18700,7243
2026-08-10,2026-08-24 05:00:00,19274,7342
2026-08-10,2026-08-24 05:30:00,20750,7450
2026-08-10,2026-08-24 06:00:00,21821,7448
2026-08-10,2026-08-24 06:30:00,23419,7322
2026-08-10,2026-08-24 07:00:00,24131,7217
2026-08-10,2026-08-24 07:30:00,25509,7124
2026-08-10,2026-08-24 08:00:00,25645,7063
2026-08-10,2026-08-24 08:30:00,25397,7035
2026-08-10,2026-08-24 09:00:00,24457,6990
2026-08-10,2026-08-24 09:30:00,23682,NA
2026-08-10,2026-08-24 10:00:00,22889,NA
2026-08-10,2026-08-24 10:30:00,22580,NA
2026-08-10,2026-08-24 11:00:00,22386,NA
2026-08-10,2026-08-24 11:30:00,22421,NA
2026-08-10,2026-08-24 12:00:00,22334,NA
2026-08-10,2026-08-24 12:30:00,21691,NA
2026-08-10,2026-08-24 13:00:00,21767,NA
2026-08-10,2026-08-24 13:30:00,21893,NA
2026-08-10,2026-08-24 14:00:00,21563,NA
2026-08-10,2026-08-24 14:30:00,21998,NA
2026-08-10,2026-08-24 15:00:00,22797,NA
2026-08-10,2026-08-24 15:30:00,23308,NA
2026-08-10,2026-08-24 16:00:00,25175,NA
2026-08-10,2026-08-24 16:30:00,26236,NA
2026-08-10,2026-08-24 17:00:00,27524,NA
2026-08-10,2026-08-24 17:30:00,28126,NA
2026-08-10,2026-08-24 18:00:00,28419,NA
2026-08-10,2026-08-24 18:30:00,28202,NA
2026-08-10,2026-08-24 19:00:00,28063,NA
2026-08-10,2026-08-24 19:30:00,27838,NA
2026-08-10,2026-08-24 20:00:00,27860,NA
2026-08-10,2026-08-24 20:30:00,27125,NA
2026-08-10,2026-08-24 21:00:00,26589,NA
2026-08-10,2026-08-24 21:30:00,25455,NA
2026-08-10,2026-08-24 22:00:00,24263,NA
2026-08-10,2026-08-24 22:30:00,22988,NA
2026-08-10,2026-08-24 23:00:00,21987,NA
